img_path,target
Black//1000.jpg,0
Black//1001.jpg,0
Black//1002.jpg,0
Black//1003.jpg,0
Black//1004.jpg,0
Black//1005.jpg,0
Black//1006.jpg,0
Black//1007.jpg,0
Black//1008.jpg,0
Black//1009.jpg,0
Black//1010.jpg,0
Black//1011.jpg,0
Black//1012.jpg,0
Black//1013.jpg,0
Black//1014.jpg,0
Black//1015.jpg,0
Black//1016.jpg,0
Black//1017.jpg,0
Black//1018.jpg,0
Black//1019.jpg,0
Black//1020.jpg,0
Black//1021.jpg,0
Black//1022.jpg,0
Black//1023.jpg,0
Black//1024.jpg,0
Black//1025.jpg,0
Black//1026.jpg,0
Black//1027.jpg,0
Black//1028.jpg,0
Black//1029.jpg,0
Black//1030.jpg,0
Black//1031.jpg,0
Black//1032.jpg,0
Black//1033.jpg,0
Black//1034.jpg,0
Black//1035.jpg,0
Black//1036.jpg,0
Black//1037.jpg,0
Black//1038.jpg,0
Black//1039.jpg,0
Black//1040.jpg,0
Black//1041.jpg,0
Black//1042.jpg,0
Black//1043.jpg,0
Black//1044.jpg,0
Black//1045.jpg,0
Black//1046.jpg,0
Black//1047.jpg,0
Black//1048.jpg,0
Black//1049.jpg,0
Black//1050.jpg,0
Black//1051.jpg,0
Black//1052.jpg,0
Black//1053.jpg,0
Black//1054.jpg,0
Black//1055.jpg,0
Black//1056.jpg,0
Black//1057.jpg,0
Black//1058.jpg,0
Black//1059.jpg,0
Black//1060.jpg,0
Black//1061.jpg,0
Black//1062.jpg,0
Black//1063.jpg,0
Black//1064.jpg,0
Black//1065.jpg,0
Black//1066.jpg,0
Black//1067.jpg,0
Black//1068.jpg,0
Black//1069.jpg,0
Black//1070.jpg,0
Black//1071.jpg,0
Black//1072.jpg,0
Black//1073.jpg,0
Black//1074.jpg,0
Black//1075.jpg,0
Black//1076.jpg,0
Black//1077.jpg,0
Black//1078.jpg,0
Black//1079.jpg,0
Black//1080.jpg,0
Black//1081.jpg,0
Black//680.jpg,0
Black//681.jpg,0
Black//682.jpg,0
Black//683.jpg,0
Black//684.jpg,0
Black//685.jpg,0
Black//686.jpg,0
Black//687.jpg,0
Black//688.jpg,0
Black//689.jpg,0
Black//690.jpg,0
Black//691.jpg,0
Black//692.jpg,0
Black//693.jpg,0
Black//694.jpg,0
Black//695.jpg,0
Black//696.jpg,0
Black//697.jpg,0
Black//698.jpg,0
Black//699.jpg,0
Black//700.jpg,0
Black//701.jpg,0
Black//702.jpg,0
Black//703.jpg,0
Black//704.jpg,0
Black//705.jpg,0
Black//706.jpg,0
Black//707.jpg,0
Black//708.jpg,0
Black//709.jpg,0
Black//710.jpg,0
Black//711.jpg,0
Black//712.jpg,0
Black//713.jpg,0
Black//714.jpg,0
Black//715.jpg,0
Black//716.jpg,0
Black//717.jpg,0
Black//718.jpg,0
Black//719.jpg,0
Black//720.jpg,0
Black//721.jpg,0
Black//722.jpg,0
Black//723.jpg,0
Black//724.jpg,0
Black//725.jpg,0
Black//726.jpg,0
Black//727.jpg,0
Black//728.jpg,0
Black//729.jpg,0
Black//730.jpg,0
Black//731.jpg,0
Black//732.jpg,0
Black//733.jpg,0
Black//734.jpg,0
Black//735.jpg,0
Black//736.jpg,0
Black//737.jpg,0
Black//738.jpg,0
Black//739.jpg,0
Black//740.jpg,0
Black//741.jpg,0
Black//742.jpg,0
Black//743.jpg,0
Black//744.jpg,0
Black//745.jpg,0
Black//746.jpg,0
Black//747.jpg,0
Black//748.jpg,0
Black//749.jpg,0
Black//750.jpg,0
Black//751.jpg,0
Black//752.jpg,0
Black//753.jpg,0
Black//754.jpg,0
Black//755.jpg,0
Black//756.jpg,0
Black//757.jpg,0
Black//758.jpg,0
Black//759.jpg,0
Black//760.jpg,0
Black//761.jpg,0
Black//762.jpg,0
Black//763.jpg,0
Black//764.jpg,0
Black//765.jpg,0
Black//766.jpg,0
Black//767.jpg,0
Black//768.jpg,0
Black//769.jpg,0
Black//770.jpg,0
Black//771.jpg,0
Black//772.jpg,0
Black//773.jpg,0
Black//774.jpg,0
Black//775.jpg,0
Black//776.jpg,0
Black//777.jpg,0
Black//778.jpg,0
Black//779.jpg,0
Black//780.jpg,0
Black//781.jpg,0
Black//782.jpg,0
Black//783.jpg,0
Black//784.jpg,0
Black//785.jpg,0
Black//786.jpg,0
Black//787.jpg,0
Black//788.jpg,0
Black//789.jpg,0
Black//790.jpg,0
Black//791.jpg,0
Black//792.jpg,0
Black//793.jpg,0
Black//794.jpg,0
Black//795.jpg,0
Black//796.jpg,0
Black//797.jpg,0
Black//798.jpg,0
Black//799.jpg,0
Black//800.jpg,0
Black//801.jpg,0
Black//802.jpg,0
Black//803.jpg,0
Black//804.jpg,0
Black//805.jpg,0
Black//806.jpg,0
Black//807.jpg,0
Black//808.jpg,0
Black//809.jpg,0
Black//810.jpg,0
Black//811.jpg,0
Black//812.jpg,0
Black//813.jpg,0
Black//814.jpg,0
Black//815.jpg,0
Black//816.jpg,0
Black//817.jpg,0
Black//818.jpg,0
Black//819.jpg,0
Black//820.jpg,0
Black//821.jpg,0
Black//822.jpg,0
Black//823.jpg,0
Black//824.jpg,0
Black//825.jpg,0
Black//826.jpg,0
Black//827.jpg,0
Black//828.jpg,0
Black//829.jpg,0
Black//830.jpg,0
Black//831.jpg,0
Black//832.jpg,0
Black//833.jpg,0
Black//834.jpg,0
Black//835.jpg,0
Black//836.jpg,0
Black//837.jpg,0
Black//838.jpg,0
Black//839.jpg,0
Black//840.jpg,0
Black//841.jpg,0
Black//842.jpg,0
Black//843.jpg,0
Black//844.jpg,0
Black//845.jpg,0
Black//846.jpg,0
Black//847.jpg,0
Black//848.jpg,0
Black//849.jpg,0
Black//850.jpg,0
Black//851.jpg,0
Black//852.jpg,0
Black//853.jpg,0
Black//854.jpg,0
Black//855.jpg,0
Black//856.jpg,0
Black//857.jpg,0
Black//858.jpg,0
Black//859.jpg,0
Black//860.jpg,0
Black//861.jpg,0
Black//862.jpg,0
Black//863.jpg,0
Black//864.jpg,0
Black//865.jpg,0
Black//866.jpg,0
Black//867.jpg,0
Black//868.jpg,0
Black//869.jpg,0
Black//870.jpg,0
Black//871.jpg,0
Black//872.jpg,0
Black//873.jpg,0
Black//874.jpg,0
Black//875.jpg,0
Black//876.jpg,0
Black//877.jpg,0
Black//878.jpg,0
Black//879.jpg,0
Black//880.jpg,0
Black//881.jpg,0
Black//882.jpg,0
Black//883.jpg,0
Black//884.jpg,0
Black//885.jpg,0
Black//886.jpg,0
Black//887.jpg,0
Black//888.jpg,0
Black//889.jpg,0
Black//890.jpg,0
Black//891.jpg,0
Black//892.jpg,0
Black//893.jpg,0
Black//894.jpg,0
Black//895.jpg,0
Black//896.jpg,0
Black//897.jpg,0
Black//898.jpg,0
Black//899.jpg,0
Black//900.jpg,0
Black//901.jpg,0
Black//902.jpg,0
Black//903.jpg,0
Black//904.jpg,0
Black//905.jpg,0
Black//906.jpg,0
Black//907.jpg,0
Black//908.jpg,0
Black//909.jpg,0
Black//910.jpg,0
Black//911.jpg,0
Black//912.jpg,0
Black//913.jpg,0
Black//914.jpg,0
Black//915.jpg,0
Black//916.jpg,0
Black//917.jpg,0
Black//918.jpg,0
Black//919.jpg,0
Black//920.jpg,0
Black//921.jpg,0
Black//922.jpg,0
Black//923.jpg,0
Black//924.jpg,0
Black//925.jpg,0
Black//926.jpg,0
Black//927.jpg,0
Black//928.jpg,0
Black//929.jpg,0
Black//930.jpg,0
Black//931.jpg,0
Black//932.jpg,0
Black//933.jpg,0
Black//934.jpg,0
Black//935.jpg,0
Black//936.jpg,0
Black//937.jpg,0
Black//938.jpg,0
Black//939.jpg,0
Black//940.jpg,0
Black//941.jpg,0
Black//942.jpg,0
Black//943.jpg,0
Black//944.jpg,0
Black//945.jpg,0
Black//946.jpg,0
Black//947.jpg,0
Black//948.jpg,0
Black//949.jpg,0
Black//950.jpg,0
Black//951.jpg,0
Black//952.jpg,0
Black//953.jpg,0
Black//954.jpg,0
Black//955.jpg,0
Black//956.jpg,0
Black//957.jpg,0
Black//958.jpg,0
Black//959.jpg,0
Black//960.jpg,0
Black//961.jpg,0
Black//962.jpg,0
Black//963.jpg,0
Black//964.jpg,0
Black//965.jpg,0
Black//966.jpg,0
Black//967.jpg,0
Black//968.jpg,0
Black//969.jpg,0
Black//970.jpg,0
Black//971.jpg,0
Black//972.jpg,0
Black//973.jpg,0
Black//974.jpg,0
Black//975.jpg,0
Black//976.jpg,0
Black//977.jpg,0
Black//978.jpg,0
Black//979.jpg,0
Black//980.jpg,0
Black//981.jpg,0
Black//982.jpg,0
Black//983.jpg,0
Black//984.jpg,0
Black//985.jpg,0
Black//986.jpg,0
Black//987.jpg,0
Black//988.jpg,0
Black//989.jpg,0
Black//990.jpg,0
Black//991.jpg,0
Black//992.jpg,0
Black//993.jpg,0
Black//994.jpg,0
Black//995.jpg,0
Black//996.jpg,0
Black//997.jpg,0
Black//998.jpg,0
Black//999.jpg,0
Blue//3078.jpg,1
Blue//3079.jpg,1
Blue//3080.jpg,1
Blue//3081.jpg,1
Blue//3082.jpg,1
Blue//3083.jpg,1
Blue//3084.jpg,1
Blue//3085.jpg,1
Blue//3086.jpg,1
Blue//3087.jpg,1
Blue//3088.jpg,1
Blue//3089.jpg,1
Blue//3090.jpg,1
Blue//3091.jpg,1
Blue//3092.jpg,1
Blue//3093.jpg,1
Blue//3094.jpg,1
Blue//3095.jpg,1
Blue//3096.jpg,1
Blue//3097.jpg,1
Blue//3098.jpg,1
Blue//3099.jpg,1
Blue//3100.jpg,1
Blue//3101.jpg,1
Blue//3102.jpg,1
Blue//3103.jpg,1
Blue//3104.jpg,1
Blue//3105.jpg,1
Blue//3106.jpg,1
Blue//3107.jpg,1
Blue//3108.jpg,1
Blue//3109.jpg,1
Blue//3110.jpg,1
Blue//3111.jpg,1
Blue//3112.jpg,1
Blue//3113.jpg,1
Blue//3114.jpg,1
Blue//3115.jpg,1
Blue//3116.jpg,1
Blue//3117.jpg,1
Blue//3118.jpg,1
Blue//3119.jpg,1
Blue//3120.jpg,1
Blue//3121.jpg,1
Blue//3122.jpg,1
Blue//3123.jpg,1
Blue//3124.jpg,1
Blue//3125.jpg,1
Blue//3126.jpg,1
Blue//3127.jpg,1
Blue//3128.jpg,1
Blue//3129.jpg,1
Blue//3130.jpg,1
Blue//3131.jpg,1
Blue//3132.jpg,1
Blue//3133.jpg,1
Blue//3134.jpg,1
Blue//3135.jpg,1
Blue//3136.jpg,1
Blue//3137.jpg,1
Blue//3138.jpg,1
Blue//3139.jpg,1
Blue//3140.jpg,1
Blue//3141.jpg,1
Blue//3142.jpg,1
Blue//3143.jpg,1
Blue//3144.jpg,1
Blue//3145.jpg,1
Blue//3146.jpg,1
Blue//3147.jpg,1
Blue//3148.jpg,1
Blue//3149.jpg,1
Blue//3150.jpg,1
Blue//3151.jpg,1
Blue//3152.jpg,1
Blue//3153.jpg,1
Blue//3154.jpg,1
Blue//3155.jpg,1
Blue//3156.jpg,1
Blue//3157.jpg,1
Blue//3158.jpg,1
Blue//3159.jpg,1
Blue//3160.jpg,1
Blue//3161.jpg,1
Blue//3162.jpg,1
Blue//3163.jpg,1
Blue//3164.jpg,1
Blue//3165.jpg,1
Blue//3166.jpg,1
Blue//3167.jpg,1
Blue//3168.jpg,1
Blue//3169.jpg,1
Blue//3170.jpg,1
Blue//3171.jpg,1
Blue//3172.jpg,1
Blue//3173.jpg,1
Blue//3174.jpg,1
Blue//3175.jpg,1
Blue//3176.jpg,1
Blue//3177.jpg,1
Blue//3178.jpg,1
Blue//3179.jpg,1
Blue//3180.jpg,1
Blue//3181.jpg,1
Blue//3182.jpg,1
Blue//3183.jpg,1
Blue//3184.jpg,1
Blue//3185.jpg,1
Blue//3186.jpg,1
Blue//3187.jpg,1
Blue//3188.jpg,1
Blue//3189.jpg,1
Blue//3190.jpg,1
Blue//3191.jpg,1
Blue//3192.jpg,1
Blue//3193.jpg,1
Blue//3194.jpg,1
Blue//3195.jpg,1
Blue//3196.jpg,1
Blue//3197.jpg,1
Blue//3198.jpg,1
Blue//3199.jpg,1
Blue//3200.jpg,1
Blue//3201.jpg,1
Blue//3202.jpg,1
Blue//3203.jpg,1
Blue//3204.jpg,1
Blue//3205.jpg,1
Blue//3206.jpg,1
Blue//3207.jpg,1
Blue//3208.jpg,1
Blue//3209.jpg,1
Blue//3210.jpg,1
Blue//3211.jpg,1
Blue//3212.jpg,1
Blue//3213.jpg,1
Blue//3214.jpg,1
Blue//3215.jpg,1
Blue//3216.jpg,1
Blue//3217.jpg,1
Blue//3218.jpg,1
Blue//3219.jpg,1
Blue//3220.jpg,1
Blue//3221.jpg,1
Blue//3222.jpg,1
Blue//3223.jpg,1
Blue//3224.jpg,1
Blue//3225.jpg,1
Blue//3226.jpg,1
Blue//3227.jpg,1
Blue//3228.jpg,1
Blue//3229.jpg,1
Blue//3230.jpg,1
Blue//3231.jpg,1
Blue//3232.jpg,1
Blue//3233.jpg,1
Blue//3234.jpg,1
Blue//3235.jpg,1
Blue//3236.jpg,1
Blue//3237.jpg,1
Blue//3238.jpg,1
Blue//3239.jpg,1
Blue//3240.jpg,1
Blue//3241.jpg,1
Blue//3242.jpg,1
Blue//3243.jpg,1
Blue//3244.jpg,1
Blue//3245.jpg,1
Blue//3246.jpg,1
Blue//3247.jpg,1
Blue//3248.jpg,1
Blue//3249.jpg,1
Blue//3250.jpg,1
Blue//3251.jpg,1
Blue//3252.jpg,1
Blue//3253.jpg,1
Blue//3254.jpg,1
Blue//3255.jpg,1
Blue//3256.jpg,1
Blue//3257.jpg,1
Blue//3258.jpg,1
Blue//3259.jpg,1
Blue//3260.jpg,1
Blue//3261.jpg,1
Blue//3262.jpg,1
Blue//3263.jpg,1
Blue//3264.jpg,1
Blue//3265.jpg,1
Blue//3266.jpg,1
Blue//3267.jpg,1
Blue//3268.jpg,1
Blue//3269.jpg,1
Blue//3270.jpg,1
Blue//3271.jpg,1
Blue//3272.jpg,1
Blue//3273.jpg,1
Blue//3274.jpg,1
Blue//3275.jpg,1
Blue//3276.jpg,1
Blue//3277.jpg,1
Blue//3278.jpg,1
Blue//3279.jpg,1
Blue//3280.jpg,1
Blue//3281.jpg,1
Blue//3282.jpg,1
Blue//3283.jpg,1
Blue//3284.jpg,1
Blue//3285.jpg,1
Blue//3286.jpg,1
Blue//3287.jpg,1
Blue//3288.jpg,1
Blue//3289.jpg,1
Blue//3290.jpg,1
Blue//3291.jpg,1
Blue//3292.jpg,1
Blue//3293.jpg,1
Blue//3294.jpg,1
Blue//3295.jpg,1
Blue//3296.jpg,1
Blue//3297.jpg,1
Blue//3298.jpg,1
Blue//3299.jpg,1
Blue//3300.jpg,1
Blue//3301.jpg,1
Blue//3302.jpg,1
Blue//3303.jpg,1
Blue//3304.jpg,1
Blue//3305.jpg,1
Blue//3306.jpg,1
Blue//3307.jpg,1
Blue//3308.jpg,1
Blue//3309.jpg,1
Blue//3310.jpg,1
Blue//3311.jpg,1
Blue//3312.jpg,1
Blue//3313.jpg,1
Blue//3314.jpg,1
Blue//3315.jpg,1
Blue//3316.jpg,1
Blue//3317.jpg,1
Blue//3318.jpg,1
Blue//3319.jpg,1
Blue//3320.jpg,1
Blue//3321.jpg,1
Blue//3322.jpg,1
Blue//3323.jpg,1
Blue//3324.jpg,1
Blue//3325.jpg,1
Blue//3326.jpg,1
Blue//3327.jpg,1
Blue//3328.jpg,1
Blue//3329.jpg,1
Blue//3330.jpg,1
Blue//3331.jpg,1
Blue//3332.jpg,1
Blue//3333.jpg,1
Blue//3334.jpg,1
Blue//3335.jpg,1
Blue//3336.jpg,1
Blue//3337.jpg,1
Blue//3338.jpg,1
Blue//3339.jpg,1
Blue//3340.jpg,1
Blue//3341.jpg,1
Blue//3342.jpg,1
Blue//3343.jpg,1
Blue//3344.jpg,1
Blue//3345.jpg,1
Blue//3346.jpg,1
Blue//3347.jpg,1
Blue//3348.jpg,1
Blue//3349.jpg,1
Blue//3350.jpg,1
Blue//3351.jpg,1
Blue//3352.jpg,1
Blue//3353.jpg,1
Blue//3354.jpg,1
Blue//3355.jpg,1
Blue//3356.jpg,1
Blue//3357.jpg,1
Blue//3358.jpg,1
Blue//3359.jpg,1
Blue//3360.jpg,1
Blue//3361.jpg,1
Brown//04volvoxc60_opt.jpg,2
Brown//101609.jpg,2
Brown//1349.jpg,2
Brown//1350.jpg,2
Brown//1351.jpg,2
Brown//1352.jpg,2
Brown//1353.jpg,2
Brown//1354.jpg,2
Brown//1355.jpg,2
Brown//1356.jpg,2
Brown//1357.jpg,2
Brown//1358.jpg,2
Brown//1359.jpg,2
Brown//1360.jpg,2
Brown//1361.jpg,2
Brown//1362.jpg,2
Brown//1363.jpg,2
Brown//1364.jpg,2
Brown//1365.jpg,2
Brown//1366.jpg,2
Brown//1367.jpg,2
Brown//1368.jpg,2
Brown//1369.jpg,2
Brown//1370.jpg,2
Brown//1371.jpg,2
Brown//1372.jpg,2
Brown//1373.jpg,2
Brown//1374.jpg,2
Brown//1375.jpg,2
Brown//1376.jpg,2
Brown//1377.jpg,2
Brown//1378.jpg,2
Brown//1379.jpg,2
Brown//1380.jpg,2
Brown//1381.jpg,2
Brown//1382.jpg,2
Brown//1383.jpg,2
Brown//1384.jpg,2
Brown//1385.jpg,2
Brown//1386.jpg,2
Brown//1387.jpg,2
Brown//1388.jpg,2
Brown//1389.jpg,2
Brown//1390.jpg,2
Brown//1391.jpg,2
Brown//1392.jpg,2
Brown//1393.jpg,2
Brown//1394.jpg,2
Brown//1395.jpg,2
Brown//1396.jpg,2
Brown//1397.jpg,2
Brown//1398.jpg,2
Brown//1399.jpg,2
Brown//1400.jpg,2
Brown//1401.jpg,2
Brown//1402.jpg,2
Brown//1403.jpg,2
Brown//1404.jpg,2
Brown//1405.jpg,2
Brown//1406.jpg,2
Brown//1407.jpg,2
Brown//1408.jpg,2
Brown//1409.jpg,2
Brown//1410.jpg,2
Brown//1411.jpg,2
Brown//1412.jpg,2
Brown//1413.jpg,2
Brown//1414.jpg,2
Brown//1415.jpg,2
Brown//1416.jpg,2
Brown//1417.jpg,2
Brown//1418.jpg,2
Brown//1419.jpg,2
Brown//1420.jpg,2
Brown//1421.jpg,2
Brown//1422.jpg,2
Brown//1423.jpg,2
Brown//1424.jpg,2
Brown//1425.jpg,2
Brown//1426.jpg,2
Brown//1427.jpg,2
Brown//1428.jpg,2
Brown//1429.jpg,2
Brown//1430.jpg,2
Brown//1431.jpg,2
Brown//1432.jpg,2
Brown//1433.jpg,2
Brown//1434.jpg,2
Brown//1435.jpg,2
Brown//1436.jpg,2
Brown//1437.jpg,2
Brown//1438.jpg,2
Brown//1439.jpg,2
Brown//1440.jpg,2
Brown//1441.jpg,2
Brown//1442.jpg,2
Brown//1443.jpg,2
Brown//1444.jpg,2
Brown//1445.jpg,2
Brown//1446.jpg,2
Brown//1447.jpg,2
Brown//1448.jpg,2
Brown//1449.jpg,2
Brown//1450.jpg,2
Brown//1451.jpg,2
Brown//1452.jpg,2
Brown//1453.jpg,2
Brown//1454.jpg,2
Brown//1455.jpg,2
Brown//1456.jpg,2
Brown//1457.jpg,2
Brown//1458.jpg,2
Brown//1459.jpg,2
Brown//1460.jpg,2
Brown//1461.jpg,2
Brown//1462.jpg,2
Brown//1463.jpg,2
Brown//1464.jpg,2
Brown//1465.jpg,2
Brown//1466.jpg,2
Brown//1467.jpg,2
Brown//1468.jpg,2
Brown//1469.jpg,2
Brown//1470.jpg,2
Brown//1471.jpg,2
Brown//1472.jpg,2
Brown//1473.jpg,2
Brown//1474.jpg,2
Brown//1475.jpg,2
Brown//1476.jpg,2
Brown//1477.jpg,2
Brown//1478.jpg,2
Brown//1479.jpg,2
Brown//1480.jpg,2
Brown//1481.jpg,2
Brown//1482.jpg,2
Brown//1483.jpg,2
Brown//1484.jpg,2
Brown//1485.jpg,2
Brown//1486.jpg,2
Brown//1487.jpg,2
Brown//1488.jpg,2
Brown//1489.jpg,2
Brown//1490.jpg,2
Brown//1491.jpg,2
Brown//1492.jpg,2
Brown//1493.jpg,2
Brown//1494.jpg,2
Brown//1495.jpg,2
Brown//1496.jpg,2
Brown//1497.jpg,2
Brown//1498.jpg,2
Brown//18165_04.jpg,2
Brown//1977_Buick_LeSabre_sedan-_brown.jpg,2
Brown//1983-volkswagen-golf-i-chocolate-brown-03.jpg,2
Brown//2001347545-edc-02.jpg,2
Brown//2001476962-edc-02.jpg,2
Brown//2001764980-edc-02.jpg,2
Brown//2001880056-edc-02.jpg,2
Brown//2001971586-edc-02.jpg,2
Brown//2012_Volvo_XC60_03.jpg,2
Brown//249188d1261398120-please-suggest-alloy-wheels-coffee-brown-s.jpg,2
Brown//2962c4015f988eeef8482b204ebaadd0--cognac-brown.jpg,2
Brown//2a42e943f0c7350bac83a514e8c7774f--benz-sls-d-ad.jpg,2
Brown//358b7d94b69d2c083a29229bc495c5da.jpg,2
Brown//36fcc8cbce1675cc09c679cfb15e26a4.jpg,2
Brown//37728093104_134996fd54_b.jpeg,2
Brown//4WERmmSiQUCuYbUzC-I8JcC8TqN9QAOJszkgSLG0Kxc3zKZ0YxkeUIx9Up8S.jpeg,2
Brown//62ab902e-8-fd29.jpg,2
Brown//6538bf4c862902a67dd9a32695878f2b.jpg,2
Brown//6liTQPzRIulseWBCF4S4v4LBrJNMxd-X9Cq8DTiBdhCPGdrcd53qLPmlpFUq.jpeg,2
Brown//879411.jpg,2
Brown//88ff88a5e74a2ba1134c15a3061dab2c.jpg,2
Brown//8e34d8bdcbad52ff2313a74ccfdd3103.jpg,2
Brown//98def8bdaee6eb05b817189b0ca3373b--porsche--carrera-s-porsche.jpg,2
Brown//aa1f21219e68005a30e264fc8847bd8d.jpg,2
Brown//Austin_Allegro_Brown_4.JPG,2
Brown//b32e71b6b1f2776ca6f3682e1a337aea.jpg,2
Brown//b9a46d78e72307afc1638b37664f6af6.jpg,2
Brown//blogs-the-q-detroit-audi.jpg,2
Brown//brown-car.jpg,2
Brown//c122c3b9-ferrari-gtc4lusso-brown-11.jpg,2
Brown//c57bf64b6b1636f7d9ad503cbd510db7.jpg,2
Brown//c741eee7-ferrari-gtc4lusso-brown-.jpg,2
Brown//chocolate-brown-modern-sports-muscle-car-isolated-white-back.jpg,2
Brown//d234e872869f1cc89d121019e286dfca.jpg,2
Brown//d7968c7b59500060df6a50cd32388dd0.jpg,2
Brown//d7ekdv2ps5b1mak44a0ytgwgx.jpg,2
Brown//dark-brown-modern-urban-sports-car-isolated-white-background.jpg,2
Brown//e267cd3a-bmw-individual-m4-25.jpg,2
Brown//f2r6isa_1467592.jpg,2
Brown//holden-commodore-vc-brown.jpg,2
Brown//HTB1YYiCppmWBuNjSspdq6zugXXa6.jpg,2
Brown//image (1).jpeg,2
Brown//image (10).jpeg,2
Brown//image (11).jpeg,2
Brown//image (12).jpeg,2
Brown//image (13).jpeg,2
Brown//image (2).jpeg,2
Brown//image (3).jpeg,2
Brown//image (4).jpeg,2
Brown//image (5).jpeg,2
Brown//image (6).jpeg,2
Brown//image (7).jpeg,2
Brown//image (8).jpeg,2
Brown//image (9).jpeg,2
Brown//image.jpeg,2
Brown//images (10).jpeg,2
Brown//images (11).jpeg,2
Brown//images (12).jpeg,2
Brown//images (13).jpeg,2
Brown//images (14).jpeg,2
Brown//images (15).jpeg,2
Brown//images (16).jpeg,2
Brown//images (18).jpeg,2
Brown//images (19).jpeg,2
Brown//images (2).jpeg,2
Brown//images (20).jpeg,2
Brown//images (21).jpeg,2
Brown//images (3).jpeg,2
Brown//images (4).jpeg,2
Brown//images (5).jpeg,2
Brown//images (6).jpeg,2
Brown//images (7).jpeg,2
Brown//images (8).jpeg,2
Brown//images (9).jpeg,2
Brown//images.jpeg,2
Brown//img-4245-1653056277.jpg,2
Brown//img-4246-1653056272.jpg,2
Brown//kodiak-explorer.jpg,2
Brown//la-aventador-roadster-s-brown.jpeg,2
Brown//lamborghini-lamborghini-aventador-svj-brown-car-car-lamborgh.jpg,2
Brown//led-headlight-car-brown-shiny-35922861.jpg,2
Brown//matte-military-brown-car-wrap_01.jpg,2
Brown//maxresdefault.jpg,2
Brown//mercedes-sls-720x479.jpg,2
Brown//merlin_206361258_4f32d899-d161-4e2f-92c8-651b4e5a468d-articl.jpg,2
Brown//Metallic-Brown-Matte-Chrome-Car-Wrap-Vinyl-Film-PVC-Material.jpg,2
Brown//nissan-ariya-2023-05-angle--brown--exterior--front.jpg,2
Brown//photo-1517153295259-74eb0b416cee.jpeg,2
Brown//porsche-cayenne-mahogany.jpg,2
Brown//PW4KCQH61aY-iq9ru_43LjB3BmhTkBuQx3keh4jlJL5X8Xxc5QHcli9zRgd2.jpeg,2
Brown//River-Rock-Metallic-Encore_o.jpg,2
Brown//russia-rostovondon-07-october-2017-260nw-1194591679.jpg,2
Brown//stock-photo-beautiful-brown-car-on-the-autumn-road-154228207.jpg,2
Brown//stock-photo-vintage-big-brown-american-car-s-transport-41977.jpg,2
Brown//thumb-1920-888833.jpg,2
Brown//UQeB29t.jpg,2
Brown//vintage-brown_4yFoCWGKv.jpg,2
Brown//YOGH9edoV8wPSBjEBr9cujul3kGkAPN2pY7eEIs1GkxR6lNtAiEabliXUPf1.jpeg,2
Brown//zqcha3a_1567173.jpg,2
Cyan//1082.jpg,3
Cyan//1083.jpg,3
Cyan//1084.jpg,3
Cyan//1085.jpg,3
Cyan//1086.jpg,3
Cyan//1087.jpg,3
Cyan//1088.jpg,3
Cyan//1089.jpg,3
Cyan//1090.jpg,3
Cyan//1091.jpg,3
Cyan//1092.jpg,3
Cyan//1093.jpg,3
Cyan//1094.jpg,3
Cyan//1095.jpg,3
Cyan//1096.jpg,3
Cyan//1097.jpg,3
Cyan//1098.jpg,3
Cyan//1099.jpg,3
Cyan//1100.jpg,3
Cyan//1101.jpg,3
Cyan//1102.jpg,3
Cyan//1103.jpg,3
Cyan//1104.jpg,3
Cyan//1105.jpg,3
Cyan//1106.jpg,3
Cyan//1107.jpg,3
Cyan//1108.jpg,3
Cyan//1109.jpg,3
Cyan//1110.jpg,3
Cyan//1111.jpg,3
Cyan//1112.jpg,3
Cyan//1113.jpg,3
Cyan//1114.jpg,3
Cyan//1115.jpg,3
Cyan//1116.jpg,3
Cyan//1117.jpg,3
Cyan//1118.jpg,3
Cyan//1119.jpg,3
Cyan//1120.jpg,3
Cyan//1121.jpg,3
Cyan//1122.jpg,3
Cyan//1123.jpg,3
Cyan//1124.jpg,3
Cyan//1125.jpg,3
Cyan//1126.jpg,3
Cyan//1127.jpg,3
Cyan//1128.jpg,3
Cyan//1129.jpg,3
Cyan//1130.jpg,3
Cyan//1131.jpg,3
Cyan//1132.jpg,3
Cyan//1133.jpg,3
Cyan//1134.jpg,3
Cyan//1135.jpg,3
Cyan//1136.jpg,3
Cyan//1137.jpg,3
Cyan//1138.jpg,3
Cyan//1139.jpg,3
Cyan//1140.jpg,3
Cyan//1141.jpg,3
Cyan//1142.jpg,3
Cyan//1143.jpg,3
Cyan//1144.jpg,3
Cyan//1145.jpg,3
Cyan//1146.jpg,3
Cyan//1147.jpg,3
Cyan//1148.jpg,3
Cyan//1149.jpg,3
Cyan//1150.jpg,3
Cyan//1151.jpg,3
Cyan//1152.jpg,3
Cyan//1153.jpg,3
Cyan//1154.jpg,3
Cyan//1155.jpg,3
Cyan//1156.jpg,3
Cyan//1157.jpg,3
Cyan//1158.jpg,3
Cyan//1159.jpg,3
Cyan//1160.jpg,3
Cyan//1161.jpg,3
Cyan//1162.jpg,3
Cyan//1163.jpg,3
Cyan//1164.jpg,3
Cyan//1165.jpg,3
Cyan//1166.jpg,3
Cyan//1167.jpg,3
Cyan//1168.jpg,3
Cyan//1169.jpg,3
Cyan//1170.jpg,3
Cyan//1171.jpg,3
Cyan//1172.jpg,3
Cyan//1173.jpg,3
Cyan//1174.jpg,3
Cyan//1175.jpg,3
Cyan//1176.jpg,3
Cyan//1177.jpg,3
Cyan//1178.jpg,3
Cyan//1179.jpg,3
Cyan//1180.jpg,3
Cyan//1181.jpg,3
Cyan//1182.jpg,3
Cyan//1183.jpg,3
Cyan//1184.jpg,3
Cyan//1185.jpg,3
Cyan//1186.jpg,3
Cyan//1187.jpg,3
Cyan//1188.jpg,3
Cyan//1189.jpg,3
Cyan//1190.jpg,3
Cyan//1191.jpg,3
Cyan//1192.jpg,3
Cyan//1193.jpg,3
Cyan//1194.jpg,3
Cyan//1195.jpg,3
Cyan//1196.jpg,3
Cyan//1197.jpg,3
Cyan//1198.jpg,3
Cyan//1199.jpg,3
Cyan//1200.jpg,3
Cyan//1201.jpg,3
Cyan//1202.jpg,3
Cyan//1203.jpg,3
Cyan//1204.jpg,3
Cyan//1205.jpg,3
Cyan//1206.jpg,3
Cyan//1207.jpg,3
Cyan//1208.jpg,3
Cyan//1209.jpg,3
Cyan//1210.jpg,3
Cyan//1211.jpg,3
Cyan//1212.jpg,3
Cyan//1213.jpg,3
Cyan//1214.jpg,3
Cyan//1215.jpg,3
Cyan//1216.jpg,3
Cyan//1217.jpg,3
Cyan//1218.jpg,3
Cyan//1219.jpg,3
Cyan//1220.jpg,3
Cyan//1221.jpg,3
Cyan//1222.jpg,3
Cyan//1223.jpg,3
Cyan//1224.jpg,3
Cyan//1225.jpg,3
Cyan//1226.jpg,3
Cyan//1227.jpg,3
Cyan//1228.jpg,3
Cyan//1229.jpg,3
Cyan//1230.jpg,3
Cyan//1231.jpg,3
Cyan//1232.jpg,3
Cyan//1233.jpg,3
Cyan//1234.jpg,3
Cyan//1235.jpg,3
Cyan//1236.jpg,3
Cyan//1237.jpg,3
Cyan//1238.jpg,3
Cyan//1239.jpg,3
Cyan//1240.jpg,3
Cyan//1241.jpg,3
Cyan//1242.jpg,3
Cyan//1243.jpg,3
Cyan//1244.jpg,3
Cyan//1245.jpg,3
Cyan//1246.jpg,3
Cyan//1247.jpg,3
Cyan//1248.jpg,3
Cyan//1249.jpg,3
Cyan//1250.jpg,3
Cyan//1251.jpg,3
Cyan//1252.jpg,3
Cyan//1253.jpg,3
Cyan//1254.jpg,3
Cyan//1255.jpg,3
Cyan//1256.jpg,3
Cyan//1257.jpg,3
Cyan//1258.jpg,3
Cyan//1259.jpg,3
Cyan//1260.jpg,3
Cyan//1261.jpg,3
Cyan//1262.jpg,3
Cyan//1263.jpg,3
Cyan//1264.jpg,3
Cyan//1265.jpg,3
Cyan//1266.jpg,3
Cyan//1267.jpg,3
Cyan//1268.jpg,3
Cyan//1269.jpg,3
Cyan//1270.jpg,3
Cyan//1271.jpg,3
Cyan//1272.jpg,3
Cyan//1273.jpg,3
Cyan//1274.jpg,3
Cyan//1275.jpg,3
Cyan//1276.jpg,3
Cyan//1277.jpg,3
Cyan//1278.jpg,3
Cyan//1279.jpg,3
Cyan//1280.jpg,3
Cyan//1281.jpg,3
Cyan//1282.jpg,3
Cyan//1283.jpg,3
Cyan//1284.jpg,3
Cyan//1285.jpg,3
Cyan//1286.jpg,3
Cyan//1287.jpg,3
Cyan//1288.jpg,3
Cyan//1289.jpg,3
Cyan//1290.jpg,3
Cyan//1291.jpg,3
Cyan//1292.jpg,3
Cyan//1293.jpg,3
Cyan//1294.jpg,3
Cyan//1295.jpg,3
Cyan//1296.jpg,3
Cyan//1297.jpg,3
Cyan//1298.jpg,3
Cyan//1299.jpg,3
Cyan//1300.jpg,3
Cyan//1301.jpg,3
Cyan//1302.jpg,3
Cyan//1303.jpg,3
Cyan//1304.jpg,3
Cyan//1305.jpg,3
Cyan//1306.jpg,3
Cyan//1307.jpg,3
Cyan//1308.jpg,3
Cyan//1309.jpg,3
Cyan//1310.jpg,3
Cyan//1311.jpg,3
Cyan//1312.jpg,3
Cyan//1313.jpg,3
Cyan//1314.jpg,3
Cyan//1315.jpg,3
Cyan//1316.jpg,3
Cyan//1317.jpg,3
Cyan//1318.jpg,3
Cyan//1319.jpg,3
Cyan//1320.jpg,3
Cyan//1321.jpg,3
Cyan//1322.jpg,3
Cyan//1323.jpg,3
Cyan//1324.jpg,3
Cyan//1325.jpg,3
Cyan//1326.jpg,3
Cyan//1327.jpg,3
Cyan//1328.jpg,3
Cyan//1329.jpg,3
Cyan//1330.jpg,3
Cyan//1331.jpg,3
Cyan//1332.jpg,3
Cyan//1333.jpg,3
Cyan//1334.jpg,3
Cyan//1335.jpg,3
Cyan//1336.jpg,3
Cyan//1337.jpg,3
Cyan//1338.jpg,3
Cyan//1339.jpg,3
Cyan//1340.jpg,3
Cyan//1341.jpg,3
Cyan//1342.jpg,3
Cyan//1343.jpg,3
Cyan//1344.jpg,3
Cyan//1345.jpg,3
Cyan//1346.jpg,3
Cyan//1347.jpg,3
Cyan//1348.jpg,3
Green//411.jpg,4
Green//412.jpg,4
Green//413.jpg,4
Green//414.jpg,4
Green//415.jpg,4
Green//416.jpg,4
Green//417.jpg,4
Green//418.jpg,4
Green//419.jpg,4
Green//420.jpg,4
Green//421.jpg,4
Green//422.jpg,4
Green//423.jpg,4
Green//424.jpg,4
Green//425.jpg,4
Green//426.jpg,4
Green//427.jpg,4
Green//428.jpg,4
Green//429.jpg,4
Green//430.jpg,4
Green//431.jpg,4
Green//432.jpg,4
Green//433.jpg,4
Green//434.jpg,4
Green//435.jpg,4
Green//436.jpg,4
Green//437.jpg,4
Green//438.jpg,4
Green//439.jpg,4
Green//440.jpg,4
Green//441.jpg,4
Green//442.jpg,4
Green//443.jpg,4
Green//444.jpg,4
Green//445.jpg,4
Green//446.jpg,4
Green//447.jpg,4
Green//448.jpg,4
Green//449.jpg,4
Green//450.jpg,4
Green//451.jpg,4
Green//452.jpg,4
Green//453.jpg,4
Green//454.jpg,4
Green//455.jpg,4
Green//456.jpg,4
Green//457.jpg,4
Green//458.jpg,4
Green//459.jpg,4
Green//460.jpg,4
Green//461.jpg,4
Green//462.jpg,4
Green//463.jpg,4
Green//464.jpg,4
Green//465.jpg,4
Green//466.jpg,4
Green//467.jpg,4
Green//468.jpg,4
Green//469.jpg,4
Green//470.jpg,4
Green//471.jpg,4
Green//472.jpg,4
Green//473.jpg,4
Green//474.jpg,4
Green//475.jpg,4
Green//476.jpg,4
Green//477.jpg,4
Green//478.jpg,4
Green//479.jpg,4
Green//480.jpg,4
Green//481.jpg,4
Green//482.jpg,4
Green//483.jpg,4
Green//484.jpg,4
Green//485.jpg,4
Green//486.jpg,4
Green//487.jpg,4
Green//488.jpg,4
Green//489.jpg,4
Green//490.jpg,4
Green//491.jpg,4
Green//492.jpg,4
Green//493.jpg,4
Green//494.jpg,4
Green//495.jpg,4
Green//496.jpg,4
Green//497.jpg,4
Green//498.jpg,4
Green//499.jpg,4
Green//500.jpg,4
Green//501.jpg,4
Green//502.jpg,4
Green//503.jpg,4
Green//504.jpg,4
Green//505.jpg,4
Green//506.jpg,4
Green//507.jpg,4
Green//508.jpg,4
Green//509.jpg,4
Green//510.jpg,4
Green//511.jpg,4
Green//512.jpg,4
Green//513.jpg,4
Green//514.jpg,4
Green//515.jpg,4
Green//516.jpg,4
Green//517.jpg,4
Green//518.jpg,4
Green//519.jpg,4
Green//520.jpg,4
Green//521.jpg,4
Green//522.jpg,4
Green//523.jpg,4
Green//524.jpg,4
Green//525.jpg,4
Green//526.jpg,4
Green//527.jpg,4
Green//528.jpg,4
Green//529.jpg,4
Green//530.jpg,4
Green//531.jpg,4
Green//532.jpg,4
Green//533.jpg,4
Green//534.jpg,4
Green//535.jpg,4
Green//536.jpg,4
Green//537.jpg,4
Green//538.jpg,4
Green//539.jpg,4
Green//540.jpg,4
Green//541.jpg,4
Green//542.jpg,4
Green//543.jpg,4
Green//544.jpg,4
Green//545.jpg,4
Green//546.jpg,4
Green//547.jpg,4
Green//548.jpg,4
Green//549.jpg,4
Green//550.jpg,4
Green//551.jpg,4
Green//552.jpg,4
Green//553.jpg,4
Green//554.jpg,4
Green//555.jpg,4
Green//556.jpg,4
Green//557.jpg,4
Green//558.jpg,4
Green//559.jpg,4
Green//560.jpg,4
Green//561.jpg,4
Green//562.jpg,4
Green//563.jpg,4
Green//564.jpg,4
Green//565.jpg,4
Green//566.jpg,4
Green//567.jpg,4
Green//568.jpg,4
Green//569.jpg,4
Green//570.jpg,4
Green//571.jpg,4
Green//572.jpg,4
Green//573.jpg,4
Green//574.jpg,4
Green//575.jpg,4
Green//576.jpg,4
Green//577.jpg,4
Green//578.jpg,4
Green//579.jpg,4
Green//580.jpg,4
Green//581.jpg,4
Green//582.jpg,4
Green//583.jpg,4
Green//584.jpg,4
Green//585.jpg,4
Green//586.jpg,4
Green//587.jpg,4
Green//588.jpg,4
Green//589.jpg,4
Green//590.jpg,4
Green//591.jpg,4
Green//592.jpg,4
Green//593.jpg,4
Green//594.jpg,4
Green//595.jpg,4
Green//596.jpg,4
Green//597.jpg,4
Green//598.jpg,4
Green//599.jpg,4
Green//600.jpg,4
Green//601.jpg,4
Green//602.jpg,4
Green//603.jpg,4
Green//604.jpg,4
Green//605.jpg,4
Green//606.jpg,4
Green//607.jpg,4
Green//608.jpg,4
Green//609.jpg,4
Green//610.jpg,4
Green//611.jpg,4
Green//612.jpg,4
Green//613.jpg,4
Green//614.jpg,4
Green//615.jpg,4
Green//616.jpg,4
Green//617.jpg,4
Green//618.jpg,4
Green//619.jpg,4
Green//620.jpg,4
Green//621.jpg,4
Green//622.jpg,4
Green//623.jpg,4
Green//624.jpg,4
Green//625.jpg,4
Green//626.jpg,4
Green//627.jpg,4
Green//628.jpg,4
Green//629.jpg,4
Green//630.jpg,4
Green//631.jpg,4
Green//632.jpg,4
Green//633.jpg,4
Green//634.jpg,4
Green//635.jpg,4
Green//636.jpg,4
Green//637.jpg,4
Green//638.jpg,4
Green//639.jpg,4
Green//640.jpg,4
Green//641.jpg,4
Green//642.jpg,4
Green//643.jpg,4
Green//644.jpg,4
Green//645.jpg,4
Green//646.jpg,4
Green//647.jpg,4
Green//648.jpg,4
Green//649.jpg,4
Green//650.jpg,4
Green//651.jpg,4
Green//652.jpg,4
Green//653.jpg,4
Green//654.jpg,4
Green//655.jpg,4
Green//656.jpg,4
Green//657.jpg,4
Green//658.jpg,4
Green//659.jpg,4
Green//660.jpg,4
Green//661.jpg,4
Green//662.jpg,4
Green//663.jpg,4
Green//664.jpg,4
Green//665.jpg,4
Green//666.jpg,4
Green//667.jpg,4
Green//668.jpg,4
Green//669.jpg,4
Green//670.jpg,4
Green//671.jpg,4
Green//672.jpg,4
Green//673.jpg,4
Green//674.jpg,4
Green//675.jpg,4
Green//676.jpg,4
Green//677.jpg,4
Green//678.jpg,4
Green//679.jpg,4
Grey//1499.jpg,5
Grey//1500.jpg,5
Grey//1501.jpg,5
Grey//1502.jpg,5
Grey//1503.jpg,5
Grey//1504.jpg,5
Grey//1505.jpg,5
Grey//1506.jpg,5
Grey//1507.jpg,5
Grey//1508.jpg,5
Grey//1509.jpg,5
Grey//1510.jpg,5
Grey//1511.jpg,5
Grey//1512.jpg,5
Grey//1513.jpg,5
Grey//1514.jpg,5
Grey//1515.jpg,5
Grey//1516.jpg,5
Grey//1517.jpg,5
Grey//1518.jpg,5
Grey//1519.jpg,5
Grey//1520.jpg,5
Grey//1521.jpg,5
Grey//1522.jpg,5
Grey//1523.jpg,5
Grey//1524.jpg,5
Grey//1525.jpg,5
Grey//1526.jpg,5
Grey//1527.jpg,5
Grey//1528.jpg,5
Grey//1529.jpg,5
Grey//1530.jpg,5
Grey//1531.jpg,5
Grey//1532.jpg,5
Grey//1533.jpg,5
Grey//1534.jpg,5
Grey//1535.jpg,5
Grey//1536.jpg,5
Grey//1537.jpg,5
Grey//1538.jpg,5
Grey//1539.jpg,5
Grey//1540.jpg,5
Grey//1541.jpg,5
Grey//1542.jpg,5
Grey//1543.jpg,5
Grey//1544.jpg,5
Grey//1545.jpg,5
Grey//1546.jpg,5
Grey//1547.jpg,5
Grey//1548.jpg,5
Grey//1549.jpg,5
Grey//1550.jpg,5
Grey//1551.jpg,5
Grey//1552.jpg,5
Grey//1553.jpg,5
Grey//1554.jpg,5
Grey//1555.jpg,5
Grey//1556.jpg,5
Grey//1557.jpg,5
Grey//1558.jpg,5
Grey//1559.jpg,5
Grey//1560.jpg,5
Grey//1561.jpg,5
Grey//1562.jpg,5
Grey//1563.jpg,5
Grey//1564.jpg,5
Grey//1565.jpg,5
Grey//1566.jpg,5
Grey//1567.jpg,5
Grey//1568.jpg,5
Grey//1569.jpg,5
Grey//1570.jpg,5
Grey//1571.jpg,5
Grey//1572.jpg,5
Grey//1573.jpg,5
Grey//1574.jpg,5
Grey//1575.jpg,5
Grey//1576.jpg,5
Grey//1577.jpg,5
Grey//1578.jpg,5
Grey//1579.jpg,5
Grey//1580.jpg,5
Grey//1581.jpg,5
Grey//1582.jpg,5
Grey//1583.jpg,5
Grey//1584.jpg,5
Grey//1585.jpg,5
Grey//1586.jpg,5
Grey//1587.jpg,5
Grey//1588.jpg,5
Grey//1589.jpg,5
Grey//1590.jpg,5
Grey//1591.jpg,5
Grey//1592.jpg,5
Grey//1593.jpg,5
Grey//1594.jpg,5
Grey//1595.jpg,5
Grey//1596.jpg,5
Grey//1597.jpg,5
Grey//1598.jpg,5
Grey//1599.jpg,5
Grey//1600.jpg,5
Grey//1601.jpg,5
Grey//1602.jpg,5
Grey//1603.jpg,5
Grey//1604.jpg,5
Grey//1605.jpg,5
Grey//1606.jpg,5
Grey//1607.jpg,5
Grey//1608.jpg,5
Grey//1609.jpg,5
Grey//1610.jpg,5
Grey//1611.jpg,5
Grey//1612.jpg,5
Grey//1613.jpg,5
Grey//1614.jpg,5
Grey//1615.jpg,5
Grey//1616.jpg,5
Grey//1617.jpg,5
Grey//1618.jpg,5
Grey//1619.jpg,5
Grey//1620.jpg,5
Grey//1621.jpg,5
Grey//1622.jpg,5
Grey//1623.jpg,5
Grey//1624.jpg,5
Grey//1625.jpg,5
Grey//1626.jpg,5
Grey//1627.jpg,5
Grey//1628.jpg,5
Grey//1629.jpg,5
Grey//1630.jpg,5
Grey//1631.jpg,5
Grey//1632.jpg,5
Grey//1633.jpg,5
Grey//1634.jpg,5
Grey//1635.jpg,5
Grey//1636.jpg,5
Grey//1637.jpg,5
Grey//1638.jpg,5
Grey//1639.jpg,5
Grey//1640.jpg,5
Grey//1641.jpg,5
Grey//1642.jpg,5
Grey//1643.jpg,5
Grey//1644.jpg,5
Grey//1645.jpg,5
Grey//1646.jpg,5
Grey//1647.jpg,5
Grey//1648.jpg,5
Grey//1649.jpg,5
Grey//1650.jpg,5
Grey//1651.jpg,5
Grey//1652.jpg,5
Grey//1653.jpg,5
Grey//1654.jpg,5
Grey//1655.jpg,5
Grey//1656.jpg,5
Grey//1657.jpg,5
Grey//1658.jpg,5
Grey//1659.jpg,5
Grey//1660.jpg,5
Grey//1661.jpg,5
Grey//1662.jpg,5
Grey//1663.jpg,5
Grey//1664.jpg,5
Grey//1665.jpg,5
Grey//1666.jpg,5
Grey//1667.jpg,5
Grey//1668.jpg,5
Grey//1669.jpg,5
Grey//1670.jpg,5
Grey//1671.jpg,5
Grey//1672.jpg,5
Grey//1673.jpg,5
Grey//1674.jpg,5
Grey//1675.jpg,5
Grey//1676.jpg,5
Grey//1677.jpg,5
Grey//1678.jpg,5
Grey//1679.jpg,5
Grey//1680.jpg,5
Grey//1681.jpg,5
Grey//1682.jpg,5
Grey//1683.jpg,5
Grey//1684.jpg,5
Grey//1685.jpg,5
Grey//1686.jpg,5
Grey//1687.jpg,5
Grey//1688.jpg,5
Grey//1689.jpg,5
Grey//1690.jpg,5
Grey//1691.jpg,5
Grey//1692.jpg,5
Grey//1693.jpg,5
Grey//1694.jpg,5
Grey//1695.jpg,5
Grey//1696.jpg,5
Grey//1697.jpg,5
Grey//1698.jpg,5
Grey//1699.jpg,5
Grey//1700.jpg,5
Grey//1701.jpg,5
Grey//1702.jpg,5
Grey//1703.jpg,5
Grey//1704.jpg,5
Grey//1705.jpg,5
Grey//1706.jpg,5
Grey//1707.jpg,5
Grey//1708.jpg,5
Grey//1709.jpg,5
Grey//1710.jpg,5
Grey//1711.jpg,5
Grey//1712.jpg,5
Grey//1713.jpg,5
Grey//1714.jpg,5
Grey//1715.jpg,5
Grey//1716.jpg,5
Grey//1717.jpg,5
Grey//1718.jpg,5
Grey//1719.jpg,5
Grey//1720.jpg,5
Grey//1721.jpg,5
Grey//1722.jpg,5
Grey//1723.jpg,5
Grey//1724.jpg,5
Grey//1725.jpg,5
Grey//1726.jpg,5
Grey//1727.jpg,5
Grey//1728.jpg,5
Grey//1729.jpg,5
Grey//1730.jpg,5
Grey//1731.jpg,5
Grey//1732.jpg,5
Grey//1733.jpg,5
Grey//1734.jpg,5
Grey//1735.jpg,5
Grey//1736.jpg,5
Grey//1737.jpg,5
Grey//1738.jpg,5
Grey//1739.jpg,5
Grey//1740.jpg,5
Grey//1741.jpg,5
Grey//1742.jpg,5
Grey//1743.jpg,5
Grey//1744.jpg,5
Grey//1745.jpg,5
Grey//1746.jpg,5
Grey//1747.jpg,5
Grey//1748.jpg,5
Grey//1749.jpg,5
Grey//1750.jpg,5
Grey//1751.jpg,5
Grey//1752.jpg,5
Grey//1753.jpg,5
Grey//1754.jpg,5
Grey//1755.jpg,5
Grey//1756.jpg,5
Grey//1757.jpg,5
Grey//1758.jpg,5
Grey//1759.jpg,5
Grey//1760.jpg,5
Grey//1761.jpg,5
Grey//1762.jpg,5
Grey//1763.jpg,5
Grey//1764.jpg,5
Grey//1765.jpg,5
Grey//1766.jpg,5
Grey//1767.jpg,5
Grey//1768.jpg,5
Grey//1769.jpg,5
Grey//1770.jpg,5
Grey//1771.jpg,5
Grey//1772.jpg,5
Grey//1773.jpg,5
Grey//1774.jpg,5
Grey//1775.jpg,5
Grey//1776.jpg,5
Grey//1777.jpg,5
Grey//1778.jpg,5
Grey//1779.jpg,5
Grey//1780.jpg,5
Grey//1781.jpg,5
Grey//1782.jpg,5
Grey//1783.jpg,5
Grey//1784.jpg,5
Grey//1785.jpg,5
Grey//1786.jpg,5
Grey//1787.jpg,5
Grey//1788.jpg,5
Grey//1789.jpg,5
Grey//1790.jpg,5
Grey//1791.jpg,5
Grey//1792.jpg,5
Grey//1793.jpg,5
Grey//1794.jpg,5
Grey//1795.jpg,5
Grey//1796.jpg,5
Grey//1797.jpg,5
Grey//1798.jpg,5
Grey//1799.jpg,5
Grey//1800.jpg,5
Grey//1801.jpg,5
Grey//1802.jpg,5
Grey//1803.jpg,5
Grey//1804.jpg,5
Grey//1805.jpg,5
Grey//1806.jpg,5
Grey//1807.jpg,5
Grey//1808.jpg,5
Grey//1809.jpg,5
Grey//1810.jpg,5
Grey//1811.jpg,5
Grey//1812.jpg,5
Grey//1813.jpg,5
Grey//1814.jpg,5
Grey//1815.jpg,5
Grey//1816.jpg,5
Grey//1817.jpg,5
Grey//1818.jpg,5
Grey//1819.jpg,5
Grey//1820.jpg,5
Grey//1821.jpg,5
Grey//1822.jpg,5
Grey//1823.jpg,5
Grey//1824.jpg,5
Grey//1825.jpg,5
Grey//1826.jpg,5
Grey//1827.jpg,5
Grey//1828.jpg,5
Grey//1829.jpg,5
Grey//1830.jpg,5
Grey//1831.jpg,5
Orange//1832.jpg,6
Orange//1833.jpg,6
Orange//1834.jpg,6
Orange//1835.jpg,6
Orange//1836.jpg,6
Orange//1837.jpg,6
Orange//1838.jpg,6
Orange//1839.jpg,6
Orange//1840.jpg,6
Orange//1841.jpg,6
Orange//1842.jpg,6
Orange//1843.jpg,6
Orange//1844.jpg,6
Orange//1845.jpg,6
Orange//1846.jpg,6
Orange//1847.jpg,6
Orange//1848.jpg,6
Orange//1849.jpg,6
Orange//1850.jpg,6
Orange//1851.jpg,6
Orange//1852.jpg,6
Orange//1853.jpg,6
Orange//1854.jpg,6
Orange//1855.jpg,6
Orange//1856.jpg,6
Orange//1857.jpg,6
Orange//1858.jpg,6
Orange//1859.jpg,6
Orange//1860.jpg,6
Orange//1861.jpg,6
Orange//1862.jpg,6
Orange//1863.jpg,6
Orange//1864.jpg,6
Orange//1865.jpg,6
Orange//1866.jpg,6
Orange//1867.jpg,6
Orange//1868.jpg,6
Orange//1869.jpg,6
Orange//1870.jpg,6
Orange//1871.jpg,6
Orange//1872.jpg,6
Orange//1873.jpg,6
Orange//1874.jpg,6
Orange//1875.jpg,6
Orange//1876.jpg,6
Orange//1877.jpg,6
Orange//1878.jpg,6
Orange//1879.jpg,6
Orange//1880.jpg,6
Orange//1881.jpg,6
Orange//1882.jpg,6
Orange//1883.jpg,6
Orange//1884.jpg,6
Orange//1885.jpg,6
Orange//1886.jpg,6
Orange//1887.jpg,6
Orange//1888.jpg,6
Orange//1889.jpg,6
Orange//1890.jpg,6
Orange//1891.jpg,6
Orange//1892.jpg,6
Orange//1893.jpg,6
Orange//1894.jpg,6
Orange//1895.jpg,6
Orange//1896.jpg,6
Orange//1897.jpg,6
Orange//1898.jpg,6
Orange//1899.jpg,6
Orange//1900.jpg,6
Orange//1901.jpg,6
Orange//1902.jpg,6
Orange//1903.jpg,6
Orange//1904.jpg,6
Orange//1905.jpg,6
Orange//1906.jpg,6
Orange//1907.jpg,6
Orange//1908.jpg,6
Orange//1909.jpg,6
Orange//1910.jpg,6
Orange//1911.jpg,6
Orange//1912.jpg,6
Orange//1913.jpg,6
Orange//1914.jpg,6
Orange//1915.jpg,6
Orange//1916.jpg,6
Orange//1917.jpg,6
Orange//1918.jpg,6
Orange//1919.jpg,6
Orange//1920.jpg,6
Orange//1921.jpg,6
Orange//1922.jpg,6
Orange//1923.jpg,6
Orange//1924.jpg,6
Orange//1925.jpg,6
Orange//1926.jpg,6
Orange//1927.jpg,6
Orange//1928.jpg,6
Orange//1929.jpg,6
Orange//1930.jpg,6
Orange//1931.jpg,6
Orange//1932.jpg,6
Orange//1933.jpg,6
Orange//1934.jpg,6
Orange//1935.jpg,6
Orange//1936.jpg,6
Orange//1937.jpg,6
Orange//1938.jpg,6
Orange//1939.jpg,6
Orange//1940.jpg,6
Orange//1941.jpg,6
Orange//1942.jpg,6
Orange//1943.jpg,6
Orange//1944.jpg,6
Orange//1945.jpg,6
Orange//1946.jpg,6
Orange//1947.jpg,6
Orange//1948.jpg,6
Orange//1949.jpg,6
Orange//1950.jpg,6
Orange//1951.jpg,6
Orange//1952.jpg,6
Orange//1953.jpg,6
Orange//1954.jpg,6
Orange//1955.jpg,6
Orange//1956.jpg,6
Orange//1957.jpg,6
Orange//1958.jpg,6
Orange//1959.jpg,6
Orange//1960.jpg,6
Orange//1961.jpg,6
Orange//1962.jpg,6
Orange//1963.jpg,6
Orange//1964.jpg,6
Orange//1965.jpg,6
Orange//1966.jpg,6
Orange//1967.jpg,6
Orange//1968.jpg,6
Orange//1969.jpg,6
Orange//1970.jpg,6
Orange//1971.jpg,6
Orange//1972.jpg,6
Orange//1973.jpg,6
Orange//1974.jpg,6
Orange//1975.jpg,6
Orange//1976.jpg,6
Orange//1977.jpg,6
Orange//1978.jpg,6
Orange//1979.jpg,6
Orange//1980.jpg,6
Orange//1981.jpg,6
Orange//1982.jpg,6
Orange//1983.jpg,6
Orange//1984.jpg,6
Orange//1985.jpg,6
Orange//1986.jpg,6
Orange//1987.jpg,6
Orange//1988.jpg,6
Orange//1989.jpg,6
Orange//1990.jpg,6
Orange//1991.jpg,6
Orange//1992.jpg,6
Orange//1993.jpg,6
Orange//1994.jpg,6
Orange//1995.jpg,6
Orange//1996.jpg,6
Orange//1997.jpg,6
Orange//1998.jpg,6
Orange//1999.jpg,6
Orange//2000.jpg,6
Orange//2001.jpg,6
Orange//2002.jpg,6
Orange//2003.jpg,6
Orange//2004.jpg,6
Orange//2005.jpg,6
Orange//2006.jpg,6
Orange//2007.jpg,6
Orange//2008.jpg,6
Orange//2009.jpg,6
Orange//2010.jpg,6
Orange//2011.jpg,6
Orange//2012.jpg,6
Orange//2013.jpg,6
Orange//2014.jpg,6
Orange//2015.jpg,6
Orange//2016.jpg,6
Orange//2017.jpg,6
Orange//2018.jpg,6
Orange//2019.jpg,6
Orange//2020.jpg,6
Orange//2021.jpg,6
Orange//2022.jpg,6
Orange//2023.jpg,6
Orange//2024.jpg,6
Orange//2025.jpg,6
Orange//2026.jpg,6
Orange//2027.jpg,6
Orange//2028.jpg,6
Orange//2029.jpg,6
Orange//2030.jpg,6
Orange//2031.jpg,6
Orange//2032.jpg,6
Orange//2033.jpg,6
Orange//2034.jpg,6
Orange//2035.jpg,6
Orange//2036.jpg,6
Orange//2037.jpg,6
Orange//2038.jpg,6
Orange//2039.jpg,6
Orange//2040.jpg,6
Orange//2041.jpg,6
Orange//2042.jpg,6
Orange//2043.jpg,6
Orange//2044.jpg,6
Orange//2045.jpg,6
Orange//2046.jpg,6
Orange//2047.jpg,6
Orange//2048.jpg,6
Orange//2049.jpg,6
Orange//2050.jpg,6
Orange//2051.jpg,6
Orange//2052.jpg,6
Orange//2053.jpg,6
Orange//2054.jpg,6
Orange//2055.jpg,6
Orange//2056.jpg,6
Orange//2057.jpg,6
Orange//2058.jpg,6
Orange//2059.jpg,6
Orange//2060.jpg,6
Orange//2061.jpg,6
Orange//2062.jpg,6
Orange//2063.jpg,6
Orange//2064.jpg,6
Orange//2065.jpg,6
Orange//2066.jpg,6
Orange//2067.jpg,6
Orange//2068.jpg,6
Orange//2069.jpg,6
Orange//2070.jpg,6
Orange//2071.jpg,6
Orange//2072.jpg,6
Orange//2073.jpg,6
Orange//2074.jpg,6
Orange//2075.jpg,6
Orange//2076.jpg,6
Orange//2077.jpg,6
Orange//2078.jpg,6
Orange//2079.jpg,6
Orange//2080.jpg,6
Orange//2081.jpg,6
Orange//2082.jpg,6
Orange//2083.jpg,6
Orange//2084.jpg,6
Orange//2085.jpg,6
Orange//2086.jpg,6
Orange//2087.jpg,6
Orange//2088.jpg,6
Orange//2089.jpg,6
Orange//2090.jpg,6
Orange//2091.jpg,6
Orange//2092.jpg,6
Orange//2093.jpg,6
Orange//2094.jpg,6
Orange//2095.jpg,6
Orange//2096.jpg,6
Orange//2097.jpg,6
Orange//2098.jpg,6
Orange//2099.jpg,6
Orange//2100.jpg,6
Orange//2101.jpg,6
Orange//2102.jpg,6
Orange//2103.jpg,6
Orange//2104.jpg,6
Orange//2105.jpg,6
Orange//2106.jpg,6
Orange//2107.jpg,6
Orange//2108.jpg,6
Orange//2109.jpg,6
Orange//2110.jpg,6
Orange//2111.jpg,6
Orange//2112.jpg,6
Orange//2113.jpg,6
Orange//2114.jpg,6
Orange//2115.jpg,6
Orange//2116.jpg,6
Orange//2117.jpg,6
Orange//2118.jpg,6
Orange//2119.jpg,6
Orange//2120.jpg,6
Orange//2121.jpg,6
Orange//2122.jpg,6
Orange//2123.jpg,6
Orange//2124.jpg,6
Orange//2125.jpg,6
Orange//2126.jpg,6
Orange//2127.jpg,6
Orange//2128.jpg,6
Orange//2129.jpg,6
Orange//2130.jpg,6
Orange//2131.jpg,6
Orange//2132.jpg,6
Orange//2133.jpg,6
Orange//2134.jpg,6
Orange//2135.jpg,6
Orange//2136.jpg,6
Orange//2137.jpg,6
Orange//2138.jpg,6
Orange//2139.jpg,6
Orange//2140.jpg,6
Orange//2141.jpg,6
Orange//2142.jpg,6
Orange//2143.jpg,6
Orange//2144.jpg,6
Orange//2145.jpg,6
Orange//2146.jpg,6
Orange//2147.jpg,6
Orange//2148.jpg,6
Orange//2149.jpg,6
Orange//2150.jpg,6
Orange//2151.jpg,6
Orange//2152.jpg,6
Orange//2153.jpg,6
Orange//2154.jpg,6
Orange//2155.jpg,6
Orange//2156.jpg,6
Orange//2157.jpg,6
Orange//2158.jpg,6
Orange//2159.jpg,6
Orange//2160.jpg,6
Orange//2161.jpg,6
Orange//2162.jpg,6
Orange//2163.jpg,6
Orange//2164.jpg,6
Orange//2165.jpg,6
Orange//2166.jpg,6
Orange//2167.jpg,6
Orange//2168.jpg,6
Orange//2169.jpg,6
Orange//2170.jpg,6
Orange//2171.jpg,6
Orange//2172.jpg,6
Orange//2173.jpg,6
Orange//2174.jpg,6
Orange//2175.jpg,6
Orange//2176.jpg,6
Orange//2177.jpg,6
Orange//2178.jpg,6
Orange//2179.jpg,6
Orange//2180.jpg,6
Orange//2181.jpg,6
Orange//2182.jpg,6
Orange//2183.jpg,6
Orange//2184.jpg,6
Orange//2185.jpg,6
Orange//2186.jpg,6
Orange//2187.jpg,6
Orange//2188.jpg,6
Orange//2189.jpg,6
Orange//2190.jpg,6
Orange//2191.jpg,6
Orange//2192.jpg,6
Orange//2193.jpg,6
Orange//2194.jpg,6
Orange//2195.jpg,6
Orange//2196.jpg,6
Orange//2197.jpg,6
Orange//2198.jpg,6
Orange//2199.jpg,6
Orange//2200.jpg,6
Orange//2201.jpg,6
Orange//2202.jpg,6
Orange//2203.jpg,6
Orange//2204.jpg,6
Orange//2205.jpg,6
Orange//2206.jpg,6
Orange//2207.jpg,6
Orange//2208.jpg,6
Orange//2209.jpg,6
Orange//2210.jpg,6
Orange//2211.jpg,6
Orange//2212.jpg,6
Orange//2213.jpg,6
Orange//2214.jpg,6
Orange//2215.jpg,6
Orange//2216.jpg,6
Orange//2217.jpg,6
Orange//2218.jpg,6
Orange//2219.jpg,6
Orange//2220.jpg,6
Orange//2221.jpg,6
Orange//2222.jpg,6
Orange//2223.jpg,6
Orange//2224.jpg,6
Orange//2225.jpg,6
Orange//2226.jpg,6
Orange//2227.jpg,6
Orange//2228.jpg,6
Orange//2229.jpg,6
Orange//2230.jpg,6
Orange//2231.jpg,6
Orange//2232.jpg,6
Orange//2233.jpg,6
Orange//2234.jpg,6
Orange//2235.jpg,6
Orange//2236.jpg,6
Orange//2237.jpg,6
Orange//2238.jpg,6
Orange//2239.jpg,6
Orange//2240.jpg,6
Orange//2241.jpg,6
Orange//2242.jpg,6
Orange//2243.jpg,6
Orange//2244.jpg,6
Orange//2245.jpg,6
Orange//2246.jpg,6
Orange//2247.jpg,6
Orange//2248.jpg,6
Orange//2249.jpg,6
Orange//2250.jpg,6
Orange//2251.jpg,6
Orange//2252.jpg,6
Orange//2253.jpg,6
Orange//2254.jpg,6
Orange//2255.jpg,6
Orange//2256.jpg,6
Orange//2257.jpg,6
Orange//2258.jpg,6
Orange//2259.jpg,6
Orange//2260.jpg,6
Orange//2261.jpg,6
Orange//2262.jpg,6
Orange//2263.jpg,6
Orange//2264.jpg,6
Orange//2265.jpg,6
Orange//2266.jpg,6
Orange//2267.jpg,6
Orange//2268.jpg,6
Orange//2269.jpg,6
Orange//2270.jpg,6
Orange//2271.jpg,6
Orange//2272.jpg,6
Orange//2273.jpg,6
Orange//2274.jpg,6
Orange//2275.jpg,6
Orange//2276.jpg,6
Orange//2277.jpg,6
Orange//2278.jpg,6
Orange//2279.jpg,6
Orange//2280.jpg,6
Orange//2281.jpg,6
Orange//2282.jpg,6
Orange//2283.jpg,6
Orange//2284.jpg,6
Orange//2285.jpg,6
Orange//2286.jpg,6
Orange//2287.jpg,6
Orange//2288.jpg,6
Orange//2289.jpg,6
Orange//2290.jpg,6
Orange//2291.jpg,6
Orange//2292.jpg,6
Orange//2293.jpg,6
Orange//2294.jpg,6
Orange//2295.jpg,6
Orange//2296.jpg,6
Orange//2297.jpg,6
Orange//2298.jpg,6
Orange//2299.jpg,6
Orange//2300.jpg,6
Orange//2301.jpg,6
Orange//2302.jpg,6
Orange//2303.jpg,6
Orange//2304.jpg,6
Orange//2305.jpg,6
Orange//2306.jpg,6
Orange//2307.jpg,6
Orange//2308.jpg,6
Orange//2309.jpg,6
Orange//2310.jpg,6
Orange//2311.jpg,6
Orange//2312.jpg,6
Orange//2313.jpg,6
Orange//2314.jpg,6
Orange//2315.jpg,6
Orange//2316.jpg,6
Orange//2317.jpg,6
Orange//2318.jpg,6
Orange//2319.jpg,6
Orange//2320.jpg,6
Orange//2321.jpg,6
Orange//2322.jpg,6
Orange//2323.jpg,6
Orange//2324.jpg,6
Orange//2325.jpg,6
Orange//2326.jpg,6
Orange//2327.jpg,6
Orange//2328.jpg,6
Orange//2329.jpg,6
Orange//2330.jpg,6
Orange//2331.jpg,6
Orange//2332.jpg,6
Orange//2333.jpg,6
Orange//2334.jpg,6
Orange//2335.jpg,6
Orange//2336.jpg,6
Orange//2337.jpg,6
Orange//2338.jpg,6
Orange//2339.jpg,6
Orange//2340.jpg,6
Orange//2341.jpg,6
Orange//2342.jpg,6
Orange//2343.jpg,6
Orange//2344.jpg,6
Orange//2345.jpg,6
Orange//2346.jpg,6
Orange//2347.jpg,6
Orange//2348.jpg,6
Orange//2349.jpg,6
Orange//2350.jpg,6
Orange//2351.jpg,6
Orange//2352.jpg,6
Orange//2353.jpg,6
Orange//2354.jpg,6
Orange//2355.jpg,6
Orange//2356.jpg,6
Orange//2357.jpg,6
Orange//2358.jpg,6
Orange//2359.jpg,6
Orange//2360.jpg,6
Orange//2361.jpg,6
Orange//2362.jpg,6
Orange//2363.jpg,6
Orange//2364.jpg,6
Orange//2365.jpg,6
Orange//2366.jpg,6
Orange//2367.jpg,6
Orange//2368.jpg,6
Orange//2369.jpg,6
Orange//2370.jpg,6
Orange//2371.jpg,6
Orange//2372.jpg,6
Orange//2373.jpg,6
Orange//2374.jpg,6
Orange//2375.jpg,6
Orange//2376.jpg,6
Orange//2377.jpg,6
Orange//2378.jpg,6
Orange//2379.jpg,6
Orange//2380.jpg,6
Orange//2381.jpg,6
Orange//2382.jpg,6
Orange//2383.jpg,6
Orange//2384.jpg,6
Orange//2385.jpg,6
Orange//2386.jpg,6
Orange//2387.jpg,6
Orange//2388.jpg,6
Red//2552.jpg,7
Red//2553.jpg,7
Red//2554.jpg,7
Red//2555.jpg,7
Red//2556.jpg,7
Red//2557.jpg,7
Red//2558.jpg,7
Red//2559.jpg,7
Red//2560.jpg,7
Red//2561.jpg,7
Red//2562.jpg,7
Red//2563.jpg,7
Red//2564.jpg,7
Red//2565.jpg,7
Red//2566.jpg,7
Red//2567.jpg,7
Red//2568.jpg,7
Red//2569.jpg,7
Red//2570.jpg,7
Red//2571.jpg,7
Red//2572.jpg,7
Red//2573.jpg,7
Red//2574.jpg,7
Red//2575.jpg,7
Red//2576.jpg,7
Red//2577.jpg,7
Red//2578.jpg,7
Red//2579.jpg,7
Red//2580.jpg,7
Red//2581.jpg,7
Red//2582.jpg,7
Red//2583.jpg,7
Red//2584.jpg,7
Red//2585.jpg,7
Red//2586.jpg,7
Red//2587.jpg,7
Red//2588.jpg,7
Red//2589.jpg,7
Red//2590.jpg,7
Red//2591.jpg,7
Red//2592.jpg,7
Red//2593.jpg,7
Red//2594.jpg,7
Red//2595.jpg,7
Red//2596.jpg,7
Red//2597.jpg,7
Red//2598.jpg,7
Red//2599.jpg,7
Red//2600.jpg,7
Red//2601.jpg,7
Red//2602.jpg,7
Red//2603.jpg,7
Red//2604.jpg,7
Red//2605.jpg,7
Red//2606.jpg,7
Red//2607.jpg,7
Red//2608.jpg,7
Red//2609.jpg,7
Red//2610.jpg,7
Red//2611.jpg,7
Red//2612.jpg,7
Red//2613.jpg,7
Red//2614.jpg,7
Red//2615.jpg,7
Red//2616.jpg,7
Red//2617.jpg,7
Red//2618.jpg,7
Red//2619.jpg,7
Red//2620.jpg,7
Red//2621.jpg,7
Red//2622.jpg,7
Red//2623.jpg,7
Red//2624.jpg,7
Red//2625.jpg,7
Red//2626.jpg,7
Red//2627.jpg,7
Red//2628.jpg,7
Red//2629.jpg,7
Red//2630.jpg,7
Red//2631.jpg,7
Red//2632.jpg,7
Red//2633.jpg,7
Red//2634.jpg,7
Red//2635.jpg,7
Red//2636.jpg,7
Red//2637.jpg,7
Red//2638.jpg,7
Red//2639.jpg,7
Red//2640.jpg,7
Red//2641.jpg,7
Red//2642.jpg,7
Red//2643.jpg,7
Red//2644.jpg,7
Red//2645.jpg,7
Red//2646.jpg,7
Red//2647.jpg,7
Red//2648.jpg,7
Red//2649.jpg,7
Red//2650.jpg,7
Red//2651.jpg,7
Red//2652.jpg,7
Red//2653.jpg,7
Red//2654.jpg,7
Red//2655.jpg,7
Red//2656.jpg,7
Red//2657.jpg,7
Red//2658.jpg,7
Red//2659.jpg,7
Red//2660.jpg,7
Red//2661.jpg,7
Red//2662.jpg,7
Red//2663.jpg,7
Red//2664.jpg,7
Red//2665.jpg,7
Red//2666.jpg,7
Red//2667.jpg,7
Red//2668.jpg,7
Red//2669.jpg,7
Red//2670.jpg,7
Red//2671.jpg,7
Red//2672.jpg,7
Red//2673.jpg,7
Red//2674.jpg,7
Red//2675.jpg,7
Red//2676.jpg,7
Red//2677.jpg,7
Red//2678.jpg,7
Red//2679.jpg,7
Red//2680.jpg,7
Red//2681.jpg,7
Red//2682.jpg,7
Red//2683.jpg,7
Red//2684.jpg,7
Red//2685.jpg,7
Red//2686.jpg,7
Red//2687.jpg,7
Red//2688.jpg,7
Red//2689.jpg,7
Red//2690.jpg,7
Red//2691.jpg,7
Red//2692.jpg,7
Red//2693.jpg,7
Red//2694.jpg,7
Red//2695.jpg,7
Red//2696.jpg,7
Red//2697.jpg,7
Red//2698.jpg,7
Red//2699.jpg,7
Red//2700.jpg,7
Red//2701.jpg,7
Red//2702.jpg,7
Red//2703.jpg,7
Red//2704.jpg,7
Red//2705.jpg,7
Red//2706.jpg,7
Red//2707.jpg,7
Red//2708.jpg,7
Red//2709.jpg,7
Red//2710.jpg,7
Red//2711.jpg,7
Red//2712.jpg,7
Red//2713.jpg,7
Red//2714.jpg,7
Red//2715.jpg,7
Red//2716.jpg,7
Red//2717.jpg,7
Red//2718.jpg,7
Red//2719.jpg,7
Red//2720.jpg,7
Red//2721.jpg,7
Red//2722.jpg,7
Red//2723.jpg,7
Red//2724.jpg,7
Red//2725.jpg,7
Red//2726.jpg,7
Red//2727.jpg,7
Red//2728.jpg,7
Red//2729.jpg,7
Red//2730.jpg,7
Red//2731.jpg,7
Red//2732.jpg,7
Red//2733.jpg,7
Red//2734.jpg,7
Red//2735.jpg,7
Red//2736.jpg,7
Red//2737.jpg,7
Red//2738.jpg,7
Red//2739.jpg,7
Red//2740.jpg,7
Red//2741.jpg,7
Red//2742.jpg,7
Red//2743.jpg,7
Red//2744.jpg,7
Red//2745.jpg,7
Red//2746.jpg,7
Red//2747.jpg,7
Red//2748.jpg,7
Red//2749.jpg,7
Red//2750.jpg,7
Red//2751.jpg,7
Red//2752.jpg,7
Red//2753.jpg,7
Red//2754.jpg,7
Red//2755.jpg,7
Red//2756.jpg,7
Red//2757.jpg,7
Red//2758.jpg,7
Red//2759.jpg,7
Red//2760.jpg,7
Red//2761.jpg,7
Red//2762.jpg,7
Red//2763.jpg,7
Red//2764.jpg,7
Red//2765.jpg,7
Red//2766.jpg,7
Red//2767.jpg,7
Red//2768.jpg,7
Red//2769.jpg,7
Red//2770.jpg,7
Red//2771.jpg,7
Red//2772.jpg,7
Red//2773.jpg,7
Red//2774.jpg,7
Red//2775.jpg,7
Red//2776.jpg,7
Red//2777.jpg,7
Red//2778.jpg,7
Red//2779.jpg,7
Red//2780.jpg,7
Red//2781.jpg,7
Red//2782.jpg,7
Red//2783.jpg,7
Red//2784.jpg,7
Red//2785.jpg,7
Red//2786.jpg,7
Red//2787.jpg,7
Red//2788.jpg,7
Red//2789.jpg,7
Red//2790.jpg,7
Red//2791.jpg,7
Red//2792.jpg,7
Red//2793.jpg,7
Red//2794.jpg,7
Red//2795.jpg,7
Red//2796.jpg,7
Red//2797.jpg,7
Red//2798.jpg,7
Red//2799.jpg,7
Red//2800.jpg,7
Red//2801.jpg,7
Red//2802.jpg,7
Red//2803.jpg,7
Red//2804.jpg,7
Red//2805.jpg,7
Red//2806.jpg,7
Red//2807.jpg,7
Red//2808.jpg,7
Red//2809.jpg,7
Red//2810.jpg,7
Red//2811.jpg,7
Red//2812.jpg,7
Red//2813.jpg,7
Red//2814.jpg,7
Red//2815.jpg,7
Red//2816.jpg,7
Red//2817.jpg,7
Red//2818.jpg,7
Red//2819.jpg,7
Red//2820.jpg,7
Red//2821.jpg,7
Red//2822.jpg,7
Red//2823.jpg,7
Red//2824.jpg,7
Red//2825.jpg,7
Red//2826.jpg,7
Red//2827.jpg,7
Red//2828.jpg,7
Red//2829.jpg,7
Red//2830.jpg,7
Red//2831.jpg,7
Red//2832.jpg,7
Red//2833.jpg,7
Red//2834.jpg,7
Red//2835.jpg,7
Red//2836.jpg,7
Red//2837.jpg,7
Red//2838.jpg,7
Red//2839.jpg,7
Red//2840.jpg,7
Red//2841.jpg,7
Red//2842.jpg,7
Red//2843.jpg,7
Red//2844.jpg,7
Red//2845.jpg,7
Red//2846.jpg,7
Red//2847.jpg,7
Red//2848.jpg,7
Red//2849.jpg,7
Red//2850.jpg,7
Red//2851.jpg,7
Red//2852.jpg,7
Red//2853.jpg,7
Red//2854.jpg,7
Red//2855.jpg,7
Red//2856.jpg,7
Red//2857.jpg,7
Red//2858.jpg,7
Red//2859.jpg,7
Red//2860.jpg,7
Red//2861.jpg,7
Red//2862.jpg,7
Red//2863.jpg,7
Red//2864.jpg,7
Red//2865.jpg,7
Red//2866.jpg,7
Red//2867.jpg,7
Red//2868.jpg,7
Red//2869.jpg,7
Red//2870.jpg,7
Red//2871.jpg,7
Red//2872.jpg,7
Red//2873.jpg,7
Red//2874.jpg,7
Red//2875.jpg,7
Red//2876.jpg,7
Red//2877.jpg,7
Red//2878.jpg,7
Red//2879.jpg,7
Red//2880.jpg,7
Red//2881.jpg,7
Red//2882.jpg,7
Red//2883.jpg,7
Red//2884.jpg,7
Red//2885.jpg,7
Red//2886.jpg,7
Red//2887.jpg,7
Red//2888.jpg,7
Red//2889.jpg,7
Red//2890.jpg,7
Red//2891.jpg,7
Red//2892.jpg,7
Red//2893.jpg,7
Red//2894.jpg,7
Red//2895.jpg,7
Red//2896.jpg,7
Red//2897.jpg,7
Red//2898.jpg,7
Red//2899.jpg,7
Red//2900.jpg,7
Red//2901.jpg,7
Red//2902.jpg,7
Red//2903.jpg,7
Red//2904.jpg,7
Red//2905.jpg,7
Red//2906.jpg,7
Red//2907.jpg,7
Red//2908.jpg,7
Red//2909.jpg,7
Red//2910.jpg,7
Red//2911.jpg,7
Red//2912.jpg,7
Red//2913.jpg,7
Red//2914.jpg,7
Red//2915.jpg,7
Red//2916.jpg,7
Red//2917.jpg,7
Red//2918.jpg,7
Red//2919.jpg,7
Red//2920.jpg,7
Red//2921.jpg,7
Red//2922.jpg,7
Red//2923.jpg,7
Red//2924.jpg,7
Red//2925.jpg,7
Red//2926.jpg,7
Red//2927.jpg,7
Red//2928.jpg,7
Red//2929.jpg,7
Red//2930.jpg,7
Red//2931.jpg,7
Red//2932.jpg,7
Red//2933.jpg,7
Red//2934.jpg,7
Red//2935.jpg,7
Red//2936.jpg,7
Red//2937.jpg,7
Red//2938.jpg,7
Red//2939.jpg,7
Red//2940.jpg,7
Red//2941.jpg,7
Red//2942.jpg,7
Red//2943.jpg,7
Red//2944.jpg,7
Red//2945.jpg,7
Red//2946.jpg,7
Red//2947.jpg,7
Red//2948.jpg,7
Red//2949.jpg,7
Red//2950.jpg,7
Red//2951.jpg,7
Red//2952.jpg,7
Red//2953.jpg,7
Red//2954.jpg,7
Red//2955.jpg,7
Red//2956.jpg,7
Red//2957.jpg,7
Red//2958.jpg,7
Red//2959.jpg,7
Red//2960.jpg,7
Red//2961.jpg,7
Red//2962.jpg,7
Red//2963.jpg,7
Red//2964.jpg,7
Red//2965.jpg,7
Red//2966.jpg,7
Red//2967.jpg,7
Red//2968.jpg,7
Red//2969.jpg,7
Red//2970.jpg,7
Red//2971.jpg,7
Red//2972.jpg,7
Red//2973.jpg,7
Red//2974.jpg,7
Red//2975.jpg,7
Red//2976.jpg,7
Red//2977.jpg,7
Red//2978.jpg,7
Red//2979.jpg,7
Red//2980.jpg,7
Red//2981.jpg,7
Red//2982.jpg,7
Red//2983.jpg,7
Red//2984.jpg,7
Red//2985.jpg,7
Red//2986.jpg,7
Red//2987.jpg,7
Red//2988.jpg,7
Red//2989.jpg,7
Red//2990.jpg,7
Red//2991.jpg,7
Red//2992.jpg,7
Red//2993.jpg,7
Red//2994.jpg,7
Red//2995.jpg,7
Red//2996.jpg,7
Red//2997.jpg,7
Red//2998.jpg,7
Red//2999.jpg,7
Red//3000.jpg,7
Red//3001.jpg,7
Red//3002.jpg,7
Red//3003.jpg,7
Red//3004.jpg,7
Red//3005.jpg,7
Red//3006.jpg,7
Red//3007.jpg,7
Red//3008.jpg,7
Red//3009.jpg,7
Red//3010.jpg,7
Red//3011.jpg,7
Red//3012.jpg,7
Red//3013.jpg,7
Red//3014.jpg,7
Red//3015.jpg,7
Red//3016.jpg,7
Red//3017.jpg,7
Red//3018.jpg,7
Red//3019.jpg,7
Red//3020.jpg,7
Red//3021.jpg,7
Red//3022.jpg,7
Red//3023.jpg,7
Red//3024.jpg,7
Red//3025.jpg,7
Red//3026.jpg,7
Red//3027.jpg,7
Red//3028.jpg,7
Red//3029.jpg,7
Red//3030.jpg,7
Red//3031.jpg,7
Red//3032.jpg,7
Red//3033.jpg,7
Red//3034.jpg,7
Red//3035.jpg,7
Red//3036.jpg,7
Red//3037.jpg,7
Red//3038.jpg,7
Red//3039.jpg,7
Red//3040.jpg,7
Red//3041.jpg,7
Red//3042.jpg,7
Red//3043.jpg,7
Red//3044.jpg,7
Red//3045.jpg,7
Red//3046.jpg,7
Red//3047.jpg,7
Red//3048.jpg,7
Red//3049.jpg,7
Red//3050.jpg,7
Red//3051.jpg,7
Red//3052.jpg,7
Red//3053.jpg,7
Red//3054.jpg,7
Red//3055.jpg,7
Red//3056.jpg,7
Red//3057.jpg,7
Red//3058.jpg,7
Red//3059.jpg,7
Red//3060.jpg,7
Red//3061.jpg,7
Red//3062.jpg,7
Red//3063.jpg,7
Red//3064.jpg,7
Red//3065.jpg,7
Red//3066.jpg,7
Red//3067.jpg,7
Red//3068.jpg,7
Red//3069.jpg,7
Red//3070.jpg,7
Red//3071.jpg,7
Red//3072.jpg,7
Red//3073.jpg,7
Red//3074.jpg,7
Red//3075.jpg,7
Red//3076.jpg,7
Red//3077.jpg,7
Violet//2389.jpg,8
Violet//2390.jpg,8
Violet//2391.jpg,8
Violet//2392.jpg,8
Violet//2393.jpg,8
Violet//2394.jpg,8
Violet//2395.jpg,8
Violet//2396.jpg,8
Violet//2397.jpg,8
Violet//2398.jpg,8
Violet//2399.jpg,8
Violet//2400.jpg,8
Violet//2401.jpg,8
Violet//2402.jpg,8
Violet//2403.jpg,8
Violet//2404.jpg,8
Violet//2405.jpg,8
Violet//2406.jpg,8
Violet//2407.jpg,8
Violet//2408.jpg,8
Violet//2409.jpg,8
Violet//2410.jpg,8
Violet//2411.jpg,8
Violet//2412.jpg,8
Violet//2413.jpg,8
Violet//2414.jpg,8
Violet//2415.jpg,8
Violet//2416.jpg,8
Violet//2417.jpg,8
Violet//2418.jpg,8
Violet//2419.jpg,8
Violet//2420.jpg,8
Violet//2421.jpg,8
Violet//2422.jpg,8
Violet//2423.jpg,8
Violet//2424.jpg,8
Violet//2425.jpg,8
Violet//2426.jpg,8
Violet//2427.jpg,8
Violet//2428.jpg,8
Violet//2429.jpg,8
Violet//2430.jpg,8
Violet//2431.jpg,8
Violet//2432.jpg,8
Violet//2433.jpg,8
Violet//2434.jpg,8
Violet//2435.jpg,8
Violet//2436.jpg,8
Violet//2437.jpg,8
Violet//2438.jpg,8
Violet//2439.jpg,8
Violet//2440.jpg,8
Violet//2441.jpg,8
Violet//2442.jpg,8
Violet//2443.jpg,8
Violet//2444.jpg,8
Violet//2445.jpg,8
Violet//2446.jpg,8
Violet//2447.jpg,8
Violet//2448.jpg,8
Violet//2449.jpg,8
Violet//2450.jpg,8
Violet//2451.jpg,8
Violet//2452.jpg,8
Violet//2453.jpg,8
Violet//2454.jpg,8
Violet//2455.jpg,8
Violet//2456.jpg,8
Violet//2457.jpg,8
Violet//2458.jpg,8
Violet//2459.jpg,8
Violet//2460.jpg,8
Violet//2461.jpg,8
Violet//2462.jpg,8
Violet//2463.jpg,8
Violet//2464.jpg,8
Violet//2465.jpg,8
Violet//2466.jpg,8
Violet//2467.jpg,8
Violet//2468.jpg,8
Violet//2469.jpg,8
Violet//2470.jpg,8
Violet//2471.jpg,8
Violet//2472.jpg,8
Violet//2473.jpg,8
Violet//2474.jpg,8
Violet//2475.jpg,8
Violet//2476.jpg,8
Violet//2477.jpg,8
Violet//2478.jpg,8
Violet//2479.jpg,8
Violet//2480.jpg,8
Violet//2481.jpg,8
Violet//2482.jpg,8
Violet//2483.jpg,8
Violet//2484.jpg,8
Violet//2485.jpg,8
Violet//2486.jpg,8
Violet//2487.jpg,8
Violet//2488.jpg,8
Violet//2489.jpg,8
Violet//2490.jpg,8
Violet//2491.jpg,8
Violet//2492.jpg,8
Violet//2493.jpg,8
Violet//2494.jpg,8
Violet//2495.jpg,8
Violet//2496.jpg,8
Violet//2497.jpg,8
Violet//2498.jpg,8
Violet//2499.jpg,8
Violet//2500.jpg,8
Violet//2501.jpg,8
Violet//2502.jpg,8
Violet//2503.jpg,8
Violet//2504.jpg,8
Violet//2505.jpg,8
Violet//2506.jpg,8
Violet//2507.jpg,8
Violet//2508.jpg,8
Violet//2509.jpg,8
Violet//2510.jpg,8
Violet//2511.jpg,8
Violet//2512.jpg,8
Violet//2513.jpg,8
Violet//2514.jpg,8
Violet//2515.jpg,8
Violet//2516.jpg,8
Violet//2517.jpg,8
Violet//2518.jpg,8
Violet//2519.jpg,8
Violet//2520.jpg,8
Violet//2521.jpg,8
Violet//2522.jpg,8
Violet//2523.jpg,8
Violet//2524.jpg,8
Violet//2525.jpg,8
Violet//2526.jpg,8
Violet//2527.jpg,8
Violet//2528.jpg,8
Violet//2529.jpg,8
Violet//2530.jpg,8
Violet//2531.jpg,8
Violet//2532.jpg,8
Violet//2533.jpg,8
Violet//2534.jpg,8
Violet//2535.jpg,8
Violet//2536.jpg,8
Violet//2537.jpg,8
Violet//2538.jpg,8
Violet//2539.jpg,8
Violet//2540.jpg,8
Violet//2541.jpg,8
Violet//2542.jpg,8
Violet//2543.jpg,8
Violet//2544.jpg,8
Violet//2545.jpg,8
Violet//2546.jpg,8
Violet//2547.jpg,8
Violet//2548.jpg,8
Violet//2549.jpg,8
Violet//2550.jpg,8
Violet//2551.jpg,8
White//0.jpg,9
White//1.jpg,9
White//10.jpg,9
White//100.jpg,9
White//101.jpg,9
White//102.jpg,9
White//103.jpg,9
White//104.jpg,9
White//105.jpg,9
White//106.jpg,9
White//107.jpg,9
White//108.jpg,9
White//109.jpg,9
White//11.jpg,9
White//110.jpg,9
White//111.jpg,9
White//112.jpg,9
White//113.jpg,9
White//114.jpg,9
White//115.jpg,9
White//116.jpg,9
White//117.jpg,9
White//118.jpg,9
White//119.jpg,9
White//12.jpg,9
White//120.jpg,9
White//121.jpg,9
White//122.jpg,9
White//123.jpg,9
White//124.jpg,9
White//125.jpg,9
White//126.jpg,9
White//127.jpg,9
White//128.jpg,9
White//129.jpg,9
White//13.jpg,9
White//130.jpg,9
White//131.jpg,9
White//132.jpg,9
White//133.jpg,9
White//134.jpg,9
White//135.jpg,9
White//136.jpg,9
White//137.jpg,9
White//138.jpg,9
White//139.jpg,9
White//14.jpg,9
White//140.jpg,9
White//141.jpg,9
White//142.jpg,9
White//143.jpg,9
White//144.jpg,9
White//145.jpg,9
White//146.jpg,9
White//147.jpg,9
White//148.jpg,9
White//149.jpg,9
White//15.jpg,9
White//150.jpg,9
White//151.jpg,9
White//152.jpg,9
White//153.jpg,9
White//154.jpg,9
White//155.jpg,9
White//156.jpg,9
White//157.jpg,9
White//158.jpg,9
White//159.jpg,9
White//16.jpg,9
White//160.jpg,9
White//161.jpg,9
White//162.jpg,9
White//163.jpg,9
White//164.jpg,9
White//165.jpg,9
White//166.jpg,9
White//167.jpg,9
White//168.jpg,9
White//169.jpg,9
White//17.jpg,9
White//170.jpg,9
White//171.jpg,9
White//172.jpg,9
White//173.jpg,9
White//174.jpg,9
White//175.jpg,9
White//176.jpg,9
White//177.jpg,9
White//178.jpg,9
White//179.jpg,9
White//18.jpg,9
White//180.jpg,9
White//181.jpg,9
White//182.jpg,9
White//183.jpg,9
White//184.jpg,9
White//185.jpg,9
White//186.jpg,9
White//187.jpg,9
White//188.jpg,9
White//189.jpg,9
White//19.jpg,9
White//190.jpg,9
White//191.jpg,9
White//192.jpg,9
White//193.jpg,9
White//194.jpg,9
White//195.jpg,9
White//196.jpg,9
White//197.jpg,9
White//198.jpg,9
White//199.jpg,9
White//2.jpg,9
White//20.jpg,9
White//200.jpg,9
White//201.jpg,9
White//202.jpg,9
White//203.jpg,9
White//204.jpg,9
White//205.jpg,9
White//206.jpg,9
White//207.jpg,9
White//208.jpg,9
White//209.jpg,9
White//21.jpg,9
White//210.jpg,9
White//211.jpg,9
White//212.jpg,9
White//213.jpg,9
White//214.jpg,9
White//215.jpg,9
White//216.jpg,9
White//217.jpg,9
White//218.jpg,9
White//219.jpg,9
White//22.jpg,9
White//220.jpg,9
White//221.jpg,9
White//222.jpg,9
White//223.jpg,9
White//224.jpg,9
White//225.jpg,9
White//226.jpg,9
White//227.jpg,9
White//228.jpg,9
White//229.jpg,9
White//23.jpg,9
White//230.jpg,9
White//231.jpg,9
White//232.jpg,9
White//233.jpg,9
White//234.jpg,9
White//235.jpg,9
White//236.jpg,9
White//237.jpg,9
White//238.jpg,9
White//239.jpg,9
White//24.jpg,9
White//240.jpg,9
White//241.jpg,9
White//242.jpg,9
White//243.jpg,9
White//244.jpg,9
White//245.jpg,9
White//246.jpg,9
White//247.jpg,9
White//248.jpg,9
White//249.jpg,9
White//25.jpg,9
White//250.jpg,9
White//251.jpg,9
White//252.jpg,9
White//253.jpg,9
White//254.jpg,9
White//255.jpg,9
White//256.jpg,9
White//257.jpg,9
White//258.jpg,9
White//259.jpg,9
White//26.jpg,9
White//260.jpg,9
White//261.jpg,9
White//262.jpg,9
White//263.jpg,9
White//264.jpg,9
White//265.jpg,9
White//266.jpg,9
White//267.jpg,9
White//268.jpg,9
White//269.jpg,9
White//27.jpg,9
White//270.jpg,9
White//271.jpg,9
White//272.jpg,9
White//273.jpg,9
White//274.jpg,9
White//275.jpg,9
White//276.jpg,9
White//277.jpg,9
White//278.jpg,9
White//279.jpg,9
White//28.jpg,9
White//280.jpg,9
White//281.jpg,9
White//282.jpg,9
White//283.jpg,9
White//284.jpg,9
White//285.jpg,9
White//286.jpg,9
White//287.jpg,9
White//288.jpg,9
White//289.jpg,9
White//29.jpg,9
White//290.jpg,9
White//291.jpg,9
White//292.jpg,9
White//293.jpg,9
White//294.jpg,9
White//295.jpg,9
White//296.jpg,9
White//297.jpg,9
White//298.jpg,9
White//299.jpg,9
White//3.jpg,9
White//30.jpg,9
White//300.jpg,9
White//301.jpg,9
White//302.jpg,9
White//303.jpg,9
White//304.jpg,9
White//305.jpg,9
White//306.jpg,9
White//307.jpg,9
White//308.jpg,9
White//309.jpg,9
White//31.jpg,9
White//310.jpg,9
White//311.jpg,9
White//312.jpg,9
White//313.jpg,9
White//314.jpg,9
White//315.jpg,9
White//316.jpg,9
White//317.jpg,9
White//318.jpg,9
White//319.jpg,9
White//32.jpg,9
White//320.jpg,9
White//321.jpg,9
White//322.jpg,9
White//323.jpg,9
White//324.jpg,9
White//325.jpg,9
White//326.jpg,9
White//327.jpg,9
White//328.jpg,9
White//329.jpg,9
White//33.jpg,9
White//330.jpg,9
White//331.jpg,9
White//332.jpg,9
White//333.jpg,9
White//334.jpg,9
White//335.jpg,9
White//336.jpg,9
White//337.jpg,9
White//338.jpg,9
White//339.jpg,9
White//34.jpg,9
White//340.jpg,9
White//341.jpg,9
White//342.jpg,9
White//343.jpg,9
White//344.jpg,9
White//345.jpg,9
White//346.jpg,9
White//347.jpg,9
White//348.jpg,9
White//349.jpg,9
White//35.jpg,9
White//350.jpg,9
White//351.jpg,9
White//352.jpg,9
White//353.jpg,9
White//354.jpg,9
White//355.jpg,9
White//356.jpg,9
White//357.jpg,9
White//358.jpg,9
White//359.jpg,9
White//36.jpg,9
White//360.jpg,9
White//361.jpg,9
White//362.jpg,9
White//363.jpg,9
White//364.jpg,9
White//365.jpg,9
White//366.jpg,9
White//367.jpg,9
White//368.jpg,9
White//369.jpg,9
White//37.jpg,9
White//370.jpg,9
White//371.jpg,9
White//372.jpg,9
White//373.jpg,9
White//374.jpg,9
White//375.jpg,9
White//376.jpg,9
White//377.jpg,9
White//378.jpg,9
White//379.jpg,9
White//38.jpg,9
White//380.jpg,9
White//381.jpg,9
White//382.jpg,9
White//383.jpg,9
White//384.jpg,9
White//385.jpg,9
White//386.jpg,9
White//387.jpg,9
White//388.jpg,9
White//389.jpg,9
White//39.jpg,9
White//390.jpg,9
White//391.jpg,9
White//392.jpg,9
White//393.jpg,9
White//394.jpg,9
White//395.jpg,9
White//396.jpg,9
White//397.jpg,9
White//398.jpg,9
White//399.jpg,9
White//4.jpg,9
White//40.jpg,9
White//400.jpg,9
White//401.jpg,9
White//402.jpg,9
White//403.jpg,9
White//404.jpg,9
White//405.jpg,9
White//406.jpg,9
White//407.jpg,9
White//408.jpg,9
White//409.jpg,9
White//41.jpg,9
White//410.jpg,9
White//42.jpg,9
White//43.jpg,9
White//44.jpg,9
White//45.jpg,9
White//46.jpg,9
White//47.jpg,9
White//48.jpg,9
White//49.jpg,9
White//5.jpg,9
White//50.jpg,9
White//51.jpg,9
White//52.jpg,9
White//53.jpg,9
White//54.jpg,9
White//55.jpg,9
White//56.jpg,9
White//57.jpg,9
White//58.jpg,9
White//59.jpg,9
White//6.jpg,9
White//60.jpg,9
White//61.jpg,9
White//62.jpg,9
White//63.jpg,9
White//64.jpg,9
White//65.jpg,9
White//66.jpg,9
White//67.jpg,9
White//68.jpg,9
White//69.jpg,9
White//7.jpg,9
White//70.jpg,9
White//71.jpg,9
White//72.jpg,9
White//73.jpg,9
White//74.jpg,9
White//75.jpg,9
White//76.jpg,9
White//77.jpg,9
White//78.jpg,9
White//79.jpg,9
White//8.jpg,9
White//80.jpg,9
White//81.jpg,9
White//82.jpg,9
White//83.jpg,9
White//84.jpg,9
White//85.jpg,9
White//86.jpg,9
White//87.jpg,9
White//88.jpg,9
White//89.jpg,9
White//9.jpg,9
White//90.jpg,9
White//91.jpg,9
White//92.jpg,9
White//93.jpg,9
White//94.jpg,9
White//95.jpg,9
White//96.jpg,9
White//97.jpg,9
White//98.jpg,9
White//99.jpg,9
Yellow//3362.jpg,10
Yellow//3363.jpg,10
Yellow//3364.jpg,10
Yellow//3365.jpg,10
Yellow//3366.jpg,10
Yellow//3367.jpg,10
Yellow//3368.jpg,10
Yellow//3369.jpg,10
Yellow//3370.jpg,10
Yellow//3371.jpg,10
Yellow//3372.jpg,10
Yellow//3373.jpg,10
Yellow//3374.jpg,10
Yellow//3375.jpg,10
Yellow//3376.jpg,10
Yellow//3377.jpg,10
Yellow//3378.jpg,10
Yellow//3379.jpg,10
Yellow//3380.jpg,10
Yellow//3381.jpg,10
Yellow//3382.jpg,10
Yellow//3383.jpg,10
Yellow//3384.jpg,10
Yellow//3385.jpg,10
Yellow//3386.jpg,10
Yellow//3387.jpg,10
Yellow//3388.jpg,10
Yellow//3389.jpg,10
Yellow//3390.jpg,10
Yellow//3391.jpg,10
Yellow//3392.jpg,10
Yellow//3393.jpg,10
Yellow//3394.jpg,10
Yellow//3395.jpg,10
Yellow//3396.jpg,10
Yellow//3397.jpg,10
Yellow//3398.jpg,10
Yellow//3399.jpg,10
Yellow//3400.jpg,10
Yellow//3401.jpg,10
Yellow//3402.jpg,10
Yellow//3403.jpg,10
Yellow//3404.jpg,10
Yellow//3405.jpg,10
Yellow//3406.jpg,10
Yellow//3407.jpg,10
Yellow//3408.jpg,10
Yellow//3409.jpg,10
Yellow//3410.jpg,10
Yellow//3411.jpg,10
Yellow//3412.jpg,10
Yellow//3413.jpg,10
Yellow//3414.jpg,10
Yellow//3415.jpg,10
Yellow//3416.jpg,10
Yellow//3417.jpg,10
Yellow//3418.jpg,10
Yellow//3419.jpg,10
Yellow//3420.jpg,10
Yellow//3421.jpg,10
Yellow//3422.jpg,10
Yellow//3423.jpg,10
Yellow//3424.jpg,10
Yellow//3425.jpg,10
Yellow//3426.jpg,10
Yellow//3427.jpg,10
Yellow//3428.jpg,10
Yellow//3429.jpg,10
Yellow//3430.jpg,10
Yellow//3431.jpg,10
Yellow//3432.jpg,10
Yellow//3433.jpg,10
Yellow//3434.jpg,10
Yellow//3435.jpg,10
Yellow//3436.jpg,10
Yellow//3437.jpg,10
Yellow//3438.jpg,10
Yellow//3439.jpg,10
Yellow//3440.jpg,10
Yellow//3441.jpg,10
Yellow//3442.jpg,10
Yellow//3443.jpg,10
Yellow//3444.jpg,10
Yellow//3445.jpg,10
Yellow//3446.jpg,10
Yellow//3447.jpg,10
Yellow//3448.jpg,10
Yellow//3449.jpg,10
Yellow//3450.jpg,10
Yellow//3451.jpg,10
Yellow//3452.jpg,10
Yellow//3453.jpg,10
Yellow//3454.jpg,10
Yellow//3455.jpg,10
Yellow//3456.jpg,10
Yellow//3457.jpg,10
Yellow//3458.jpg,10
Yellow//3459.jpg,10
Yellow//3460.jpg,10
Yellow//3461.jpg,10
Yellow//3462.jpg,10
Yellow//3463.jpg,10
Yellow//3464.jpg,10
Yellow//3465.jpg,10
Yellow//3466.jpg,10
Yellow//3467.jpg,10
Yellow//3468.jpg,10
Yellow//3469.jpg,10
Yellow//3470.jpg,10
Yellow//3471.jpg,10
Yellow//3472.jpg,10
Yellow//3473.jpg,10
Yellow//3474.jpg,10
Yellow//3475.jpg,10
Yellow//3476.jpg,10
Yellow//3477.jpg,10
Yellow//3478.jpg,10
Yellow//3479.jpg,10
Yellow//3480.jpg,10
Yellow//3481.jpg,10
Yellow//3482.jpg,10
Yellow//3483.jpg,10
Yellow//3484.jpg,10
Yellow//3485.jpg,10
Yellow//3486.jpg,10
Yellow//3487.jpg,10
Yellow//3488.jpg,10
Yellow//3489.jpg,10
Yellow//3490.jpg,10
Yellow//3491.jpg,10
Yellow//3492.jpg,10
Yellow//3493.jpg,10
Yellow//3494.jpg,10
Yellow//3495.jpg,10
Yellow//3496.jpg,10
Yellow//3497.jpg,10
Yellow//3498.jpg,10
Yellow//3499.jpg,10
Yellow//3500.jpg,10
Yellow//3501.jpg,10
Yellow//3502.jpg,10
Yellow//3503.jpg,10
Yellow//3504.jpg,10
Yellow//3505.jpg,10
Yellow//3506.jpg,10
Yellow//3507.jpg,10
Yellow//3508.jpg,10
Yellow//3509.jpg,10
Yellow//3510.jpg,10
Yellow//3511.jpg,10
Yellow//3512.jpg,10
Yellow//3513.jpg,10
Yellow//3514.jpg,10
Yellow//3515.jpg,10
Yellow//3516.jpg,10
Yellow//3517.jpg,10
Yellow//3518.jpg,10
Yellow//3519.jpg,10
Yellow//3520.jpg,10
Yellow//3521.jpg,10
Yellow//3522.jpg,10
Yellow//3523.jpg,10
Yellow//3524.jpg,10
Yellow//3525.jpg,10
Yellow//3526.jpg,10
Yellow//3527.jpg,10
Yellow//3528.jpg,10
Yellow//3529.jpg,10
Yellow//3530.jpg,10
Yellow//3531.jpg,10
Yellow//3532.jpg,10
Yellow//3533.jpg,10
Yellow//3534.jpg,10
Yellow//3535.jpg,10
Yellow//3536.jpg,10
Yellow//3537.jpg,10
Yellow//3538.jpg,10
Yellow//3539.jpg,10
Yellow//3540.jpg,10
Yellow//3541.jpg,10
Yellow//3542.jpg,10
Yellow//3543.jpg,10
Yellow//3544.jpg,10
Yellow//3545.jpg,10
Yellow//3546.jpg,10
Yellow//3547.jpg,10
Yellow//3548.jpg,10
Yellow//3549.jpg,10
Yellow//3550.jpg,10
Yellow//3551.jpg,10
Yellow//3552.jpg,10
Yellow//3553.jpg,10
Yellow//3554.jpg,10
Yellow//3555.jpg,10
Yellow//3556.jpg,10
Yellow//3557.jpg,10
Yellow//3558.jpg,10
Yellow//3559.jpg,10
Yellow//3560.jpg,10
Yellow//3561.jpg,10
Yellow//3562.jpg,10
Yellow//3563.jpg,10
Yellow//3564.jpg,10
Yellow//3565.jpg,10
Yellow//3566.jpg,10
Yellow//3567.jpg,10
Yellow//3568.jpg,10
Yellow//3569.jpg,10
Yellow//3570.jpg,10
Yellow//3571.jpg,10
Yellow//3572.jpg,10
Yellow//3573.jpg,10
Yellow//3574.jpg,10
Yellow//3575.jpg,10
Yellow//3576.jpg,10
Yellow//3577.jpg,10
Yellow//3578.jpg,10
Yellow//3579.jpg,10
Yellow//3580.jpg,10
Yellow//3581.jpg,10
Yellow//3582.jpg,10
Yellow//3583.jpg,10
Yellow//3584.jpg,10
Yellow//3585.jpg,10
Yellow//3586.jpg,10
Yellow//3587.jpg,10
Yellow//3588.jpg,10
Yellow//3589.jpg,10
Yellow//3590.jpg,10
Yellow//3591.jpg,10
Yellow//3592.jpg,10
Yellow//3593.jpg,10
Yellow//3594.jpg,10
Yellow//3595.jpg,10
Yellow//3596.jpg,10
Yellow//3597.jpg,10
Yellow//3598.jpg,10
Yellow//3599.jpg,10
Yellow//3600.jpg,10
Yellow//3601.jpg,10
Yellow//3602.jpg,10
Yellow//3603.jpg,10
Yellow//3604.jpg,10
Yellow//3605.jpg,10
Yellow//3606.jpg,10
Yellow//3607.jpg,10
Yellow//3608.jpg,10
Yellow//3609.jpg,10
Yellow//3610.jpg,10
Yellow//3611.jpg,10
Yellow//3612.jpg,10
Yellow//3613.jpg,10
Yellow//3614.jpg,10
Yellow//3615.jpg,10
Yellow//3616.jpg,10
Yellow//3617.jpg,10
Yellow//3618.jpg,10
Yellow//3619.jpg,10
Yellow//3620.jpg,10
Yellow//3621.jpg,10
Yellow//3622.jpg,10
Yellow//3623.jpg,10
Yellow//3624.jpg,10
Yellow//3625.jpg,10
Yellow//3626.jpg,10
Yellow//3627.jpg,10
Yellow//3628.jpg,10
Yellow//3629.jpg,10
Yellow//3630.jpg,10
Yellow//3631.jpg,10
Yellow//3632.jpg,10
Yellow//3633.jpg,10
Yellow//3634.jpg,10
Yellow//3635.jpg,10
Yellow//3636.jpg,10
Yellow//3637.jpg,10
Yellow//3638.jpg,10
Yellow//3639.jpg,10
Yellow//3640.jpg,10
Yellow//3641.jpg,10
Yellow//3642.jpg,10
Yellow//3643.jpg,10
Yellow//3644.jpg,10
Yellow//3645.jpg,10
Yellow//3646.jpg,10
Yellow//3647.jpg,10
Yellow//3648.jpg,10
Yellow//3649.jpg,10
Yellow//3650.jpg,10
Yellow//3651.jpg,10
Yellow//3652.jpg,10
Yellow//3653.jpg,10
Yellow//3654.jpg,10
Yellow//3655.jpg,10
Yellow//3656.jpg,10
Yellow//3657.jpg,10
Yellow//3658.jpg,10
Yellow//3659.jpg,10
Yellow//3660.jpg,10
Yellow//3661.jpg,10
Yellow//3662.jpg,10
Yellow//3663.jpg,10
Yellow//3664.jpg,10
Yellow//3665.jpg,10
Yellow//3666.jpg,10
Yellow//3667.jpg,10
Yellow//3668.jpg,10
Yellow//3669.jpg,10
Yellow//3670.jpg,10
Yellow//3671.jpg,10
Yellow//3672.jpg,10
Yellow//3673.jpg,10
Yellow//3674.jpg,10
Yellow//3675.jpg,10
Yellow//3676.jpg,10
Yellow//3677.jpg,10
Yellow//3678.jpg,10
Yellow//3679.jpg,10
Yellow//3680.jpg,10
Yellow//3681.jpg,10
Yellow//3682.jpg,10
Yellow//3683.jpg,10
Yellow//3684.jpg,10
Yellow//3685.jpg,10
Yellow//3686.jpg,10
Yellow//3687.jpg,10
Yellow//3688.jpg,10
Yellow//3689.jpg,10
Yellow//3690.jpg,10
Yellow//3691.jpg,10
Yellow//3692.jpg,10
Yellow//3693.jpg,10
Yellow//3694.jpg,10
Yellow//3695.jpg,10
Yellow//3696.jpg,10
Yellow//3697.jpg,10
Yellow//3698.jpg,10
Yellow//3699.jpg,10
Yellow//3700.jpg,10
Yellow//3701.jpg,10
Yellow//3702.jpg,10
Yellow//3703.jpg,10
Yellow//3704.jpg,10
Yellow//3705.jpg,10
Yellow//3706.jpg,10
Yellow//3707.jpg,10
Yellow//3708.jpg,10
Yellow//3709.jpg,10
Yellow//3710.jpg,10
Yellow//3711.jpg,10
Yellow//3712.jpg,10
Yellow//3713.jpg,10
Yellow//3714.jpg,10
Yellow//3715.jpg,10
Yellow//3716.jpg,10
Yellow//3717.jpg,10
Yellow//3718.jpg,10
Yellow//3719.jpg,10
Yellow//3720.jpg,10
Yellow//3721.jpg,10
Yellow//3722.jpg,10
Yellow//3723.jpg,10
Yellow//3724.jpg,10
Yellow//3725.jpg,10
Yellow//3726.jpg,10
Yellow//3727.jpg,10
Yellow//3728.jpg,10
Yellow//3729.jpg,10
Yellow//3730.jpg,10
Yellow//3731.jpg,10
Yellow//3732.jpg,10
Yellow//3733.jpg,10
Yellow//3734.jpg,10
Yellow//3735.jpg,10
Yellow//3736.jpg,10
Yellow//3737.jpg,10
Yellow//3738.jpg,10
Yellow//3739.jpg,10
Yellow//3740.jpg,10
Yellow//3741.jpg,10
Yellow//3742.jpg,10
Yellow//3743.jpg,10
Yellow//3744.jpg,10
Yellow//3745.jpg,10
Yellow//3746.jpg,10
Yellow//3747.jpg,10
Yellow//3748.jpg,10
Yellow//3749.jpg,10
Yellow//3750.jpg,10
Yellow//3751.jpg,10
Yellow//3752.jpg,10
Yellow//3753.jpg,10
Yellow//3754.jpg,10
Yellow//3755.jpg,10
Yellow//3756.jpg,10
Yellow//3757.jpg,10
Yellow//3758.jpg,10
Yellow//3759.jpg,10
Yellow//3760.jpg,10
Yellow//3761.jpg,10
Yellow//3762.jpg,10
Yellow//3763.jpg,10
Yellow//3764.jpg,10
Yellow//3765.jpg,10
Yellow//3766.jpg,10
Yellow//3767.jpg,10
Yellow//3768.jpg,10
Yellow//3769.jpg,10
Yellow//3770.jpg,10
Yellow//3771.jpg,10
Yellow//3772.jpg,10
Yellow//3773.jpg,10
Yellow//3774.jpg,10
Yellow//3775.jpg,10
Yellow//3776.jpg,10
Yellow//3777.jpg,10
Yellow//3778.jpg,10
Yellow//3779.jpg,10
Yellow//3780.jpg,10
Yellow//3781.jpg,10
Yellow//3782.jpg,10
Yellow//3783.jpg,10
Yellow//3784.jpg,10
Yellow//3785.jpg,10
Yellow//3786.jpg,10
Yellow//3787.jpg,10
Yellow//3788.jpg,10
Yellow//3789.jpg,10
Yellow//3790.jpg,10
Yellow//3791.jpg,10
Yellow//3792.jpg,10
Yellow//3793.jpg,10
Yellow//3794.jpg,10
Yellow//3795.jpg,10
Yellow//3796.jpg,10
Yellow//3797.jpg,10
Yellow//3798.jpg,10
Yellow//3799.jpg,10
Yellow//3800.jpg,10
Yellow//3801.jpg,10
